Ticker,Last Close Price,Current Price,previous_fast_ma,previous_slow_ma,current_fast_ma,current_slow_ma,Signal
A,152.1024932861328,152.1024932861328,145.28100051879883,136.24320434570313,145.90362548828125,136.78587310791016,HOLD (Bullish)
AAPL,275.2349853515625,275.2349853515625,264.58840408325193,253.67324798583985,265.8952270507813,254.41316650390624,HOLD (Bullish)
ABBV,233.1699981689453,233.1699981689453,224.23399963378907,222.6499038696289,224.58149948120118,223.10643157958984,HOLD (Bullish)
ABNB,121.5199966430664,121.5199966430664,125.19499969482422,123.58560012817382,125.05799942016601,123.51800003051758,HOLD (Bullish)
ABT,128.45950317382812,128.45950317382812,126.43499870300293,130.21206771850586,126.38547401428222,130.14936141967775,HOLD (Bearish)
ACGL,91.48500061035156,91.48500061035156,87.38650054931641,89.34300048828125,87.48225059509278,89.3147004699707,HOLD (Bearish)
ACN,244.47000122070312,244.47000122070312,245.8,245.05519989013672,246.0379997253418,244.8616000366211,HOLD (Bullish)
ADBE,337.92498779296875,337.92498779296875,340.781999206543,347.41399963378905,341.1467483520508,347.20249938964844,HOLD (Bearish)
ADI,241.30499267578125,241.30499267578125,237.35349884033204,241.02059997558592,237.51124877929686,240.9556997680664,HOLD (Bearish)
ADM,57.775001525878906,57.775001525878906,60.55750007629395,60.98900001525879,60.277250099182126,60.910100021362304,HOLD (Bearish)
ADP,254.47120666503906,254.47120666503906,269.7020004272461,282.7888244628906,268.21506118774414,281.93193450927737,HOLD (Bearish)
ADSK,302.1700134277344,302.1700134277344,303.99149627685546,313.1205993652344,303.8459976196289,312.81379943847656,HOLD (Bearish)
AEE,105.47000122070312,105.47000122070312,103.83999977111816,102.40299209594727,103.8439998626709,102.52818222045899,HOLD (Bullish)
AEP,122.69000244140625,122.69000244140625,118.17785682678223,113.36895111083984,118.43222274780274,113.63936752319336,HOLD (Bullish)
AES,14.114999771118164,14.114999771118164,14.151255130767822,13.647759189605713,14.128763341903687,13.66878086090088,HOLD (Bullish)
AFL,114.54000091552734,114.54000091552734,108.99599952697754,109.3081999206543,109.23249969482421,109.46419998168945,HOLD (Bearish)
AIG,77.72000122070312,77.72000122070312,78.17999992370605,78.86038772583008,78.00299987792968,78.79749130249023,HOLD (Bearish)
AIZ,226.66000366210938,226.66000366210938,213.7690002441406,214.1659997558594,214.3595001220703,214.4013998413086,HOLD (Bearish)
AJG,255.69500732421875,255.69500732421875,266.2705017089844,287.4812481689453,264.2472518920898,286.5342987060547,HOLD (Bearish)
AKAM,89.66999816894531,89.66999816894531,76.07350006103516,76.3611996459961,76.87350006103516,76.60339965820313,BUY (Golden Cross)
ALB,109.62079620361328,109.62079620361328,96.38050003051758,88.91790130615234,96.95353965759277,89.51676330566406,HOLD (Bullish)
ALGN,142.36500549316406,142.36500549316406,135.31849899291993,132.66959899902344,136.01524963378907,132.8698989868164,HOLD (Bullish)
ALL,208.2550048828125,208.2550048828125,195.56999969482422,201.95439971923827,195.96175003051758,202.02809967041014,HOLD (Bearish)
ALLE,167.34249877929688,167.34249877929688,170.16450119018555,173.21320007324218,169.66762619018556,173.20625,HOLD (Bearish)
AMAT,231.22000122070312,231.22000122070312,230.43550186157228,208.2226007080078,230.61750183105468,209.72200073242186,HOLD (Bullish)
AMCR,8.425000190734863,8.425000190734863,8.139500069618226,8.153000040054321,8.158250069618225,8.154500036239623,BUY (Golden Cross)
AMD,255.1199951171875,255.1199951171875,245.73549880981446,202.4761993408203,246.56149826049804,204.3359991455078,HOLD (Bullish)
AME,198.14999389648438,198.14999389648438,191.66000061035157,188.3610659790039,192.27850036621095,188.64308349609374,HOLD (Bullish)
AMGN,336.5150146484375,336.5150146484375,302.6625015258789,291.6860015869141,304.6222518920898,292.7393017578125,HOLD (Bullish)
AMP,471.2449951171875,471.2449951171875,466.6669982910156,481.19596496582034,466.2491882324219,480.5120391845703,HOLD (Bearish)
AMT,183.77999877929688,183.77999877929688,184.90899887084962,188.5954977416992,184.59649887084962,188.38019653320313,HOLD (Bearish)
AMZN,245.58799743652344,245.58799743652344,231.84550018310546,228.24940002441406,233.3463996887207,228.64135986328125,HOLD (Bullish)
ANET,135.00999450683594,135.00999450683594,148.11199951171875,146.6425994873047,147.69349899291993,146.59519927978516,HOLD (Bullish)
AON,350.0150146484375,350.0150146484375,341.1939987182617,353.27260009765627,340.90475006103514,352.792900390625,HOLD (Bearish)
AOS,66.26499938964844,66.26499938964844,67.25741157531738,69.94598663330078,67.12883911132812,69.8631282043457,HOLD (Bearish)
APA,24.31999969482422,24.31999969482422,23.010985088348388,23.249944381713867,23.077850437164308,23.287766494750976,HOLD (Bearish)
APD,264.0450134277344,264.0450134277344,251.91799926757812,266.93434936523437,252.24974975585937,266.4278857421875,HOLD (Bearish)
APH,141.5399932861328,141.5399932861328,135.09099960327148,126.44268112182617,135.88799934387208,127.06274429321289,HOLD (Bullish)
APO,134.0449981689453,134.0449981689453,126.62549896240235,130.75820037841797,126.9427490234375,130.78650024414063,HOLD (Bearish)
APP,588.823974609375,588.823974609375,610.2424987792969,610.5883984375,609.5686981201172,612.6178778076172,HOLD (Bearish)
APTV,83.25,83.25,83.62049980163575,83.82720001220703,83.60099983215332,83.89960006713868,HOLD (Bearish)
ARE,54.09000015258789,54.09000015258789,65.4120002746582,75.22546356201173,64.30600032806396,74.70156913757324,HOLD (Bearish)
ATO,178.02000427246094,178.02000427246094,175.55750045776367,171.17080017089845,175.4990005493164,171.42680023193358,HOLD (Bullish)
AVB,178.77999877929688,178.77999877929688,181.61149978637695,186.88514343261718,181.3504997253418,186.6738931274414,HOLD (Bearish)
AVGO,355.0350036621094,355.0350036621094,357.0684982299805,347.0467071533203,357.25374908447264,348.109951171875,HOLD (Bullish)
AVY,174.0,174.0,172.64049911499023,167.1382000732422,173.3614990234375,167.28220001220703,HOLD (Bullish)
AWK,129.7100067138672,129.7100067138672,135.46699905395508,137.33079986572267,134.82599945068358,137.11100006103516,HOLD (Bearish)
AXON,569.1500244140625,569.1500244140625,683.1135009765625,712.9333996582031,679.3215026855469,709.8106005859376,HOLD (Bearish)
AXP,373.7900085449219,373.7900085449219,356.5170013427734,340.76178100585935,358.6735015869141,341.7797442626953,HOLD (Bullish)
AZO,3784.39501953125,3784.39501953125,3809.4599853515624,4035.502392578125,3797.328234863281,4027.400693359375,HOLD (Bearish)
BA,195.3249969482422,195.3249969482422,208.54900131225585,214.95940093994142,207.61525115966796,214.21830078125,HOLD (Bearish)
BAC,54.18000030517578,54.18000030517578,52.551499938964845,51.44526191711426,52.64650001525879,51.53319999694824,HOLD (Bullish)
BALL,46.689998626708984,46.689998626708984,48.356500244140626,49.008600082397464,48.313500213623044,48.93940002441406,HOLD (Bearish)
BAX,18.594999313354492,18.594999313354492,20.789499950408935,22.232400016784666,20.58174991607666,22.13349998474121,HOLD (Bearish)
BBY,78.08000183105469,78.08000183105469,80.93750038146973,77.41745346069337,80.92100028991699,77.50034790039062,HOLD (Bullish)
BDX,190.8800048828125,190.8800048828125,183.55600128173828,186.49702392578126,183.76150131225586,186.5429232788086,HOLD (Bearish)
BEN,23.059999465942383,23.059999465942383,22.73000011444092,23.317601890563964,22.74350004196167,23.275193405151366,HOLD (Bearish)
BF-B,27.68000030517578,27.68000030517578,27.678500175476074,27.55380012512207,27.704500198364258,27.543400115966797,HOLD (Bullish)
BG,96.94999694824219,96.94999694824219,95.55,87.21360000610352,95.74300003051758,87.52799987792969,HOLD (Bullish)
BIIB,160.67999267578125,160.67999267578125,150.15149993896483,146.93480041503906,151.00249938964845,147.31600036621094,HOLD (Bullish)
BK,113.19999694824219,113.19999694824219,107.92824974060059,106.90595687866211,108.16848030090333,107.08663192749023,HOLD (Bullish)
BKNG,5150.52978515625,5150.52978515625,5069.5814453125,5288.844677734375,5073.06494140625,5280.388173828125,HOLD (Bearish)
BKR,47.90999984741211,47.90999984741211,47.1011402130127,47.17304565429688,47.28365421295166,47.23550140380859,BUY (Golden Cross)
BLDR,105.9000015258789,105.9000015258789,117.15949974060058,125.06479965209961,116.13999977111817,124.4561996459961,HOLD (Bearish)
BLK,1095.718017578125,1095.718017578125,1113.6940002441406,1129.0162768554687,1108.3504028320312,1129.0441650390626,HOLD (Bearish)
BMY,49.32500076293945,49.32500076293945,44.93450012207031,45.00783470153809,45.22025012969971,45.05721466064453,BUY (Golden Cross)
BR,223.49000549316406,223.49000549316406,225.90300064086915,235.2349691772461,225.50300064086915,234.72784637451173,HOLD (Bearish)
BRK-B,503.1365966796875,503.1365966796875,488.83800201416017,493.2209991455078,489.17533111572266,493.2539312744141,HOLD (Bearish)
BRO,80.41500091552734,80.41500091552734,83.35946884155274,89.45293853759766,82.69153327941895,89.15941940307617,HOLD (Bearish)
BSX,104.125,104.125,100.31549987792968,99.93399993896485,100.63624992370606,99.86589996337891,HOLD (Bullish)
BX,144.4600067138672,144.4600067138672,150.66562576293944,163.45305541992187,149.76522216796874,163.0248974609375,HOLD (Bearish)
BXP,72.32499694824219,72.32499694824219,71.68650016784667,73.33542739868165,71.71624984741212,73.32003204345703,HOLD (Bearish)
C,102.91000366210938,102.91000366210938,99.2980728149414,98.84449905395508,99.48414344787598,99.01336410522461,HOLD (Bullish)
CAG,17.375,17.375,17.597316837310792,18.080402870178222,17.567533493041992,18.05163589477539,HOLD (Bearish)
CAH,203.52000427246094,203.52000427246094,176.38949966430664,162.07019866943358,178.78199996948243,163.13920196533203,HOLD (Bullish)
CARR,55.61000061035156,55.61000061035156,57.69511070251465,59.19596534729004,57.62606773376465,59.06355110168457,HOLD (Bearish)
CAT,577.0499877929688,577.0499877929688,548.344515991211,496.8325445556641,550.5710144042969,500.09492919921877,HOLD (Bullish)
CB,293.8890075683594,293.8890075683594,279.11499938964846,279.3877996826172,279.8939498901367,279.7011798095703,BUY (Golden Cross)
CBOE,261.8550109863281,261.8550109863281,243.46099929809571,240.46920013427734,244.4667495727539,240.99810028076172,HOLD (Bullish)
CBRE,156.27999877929688,156.27999877929688,156.05700149536133,157.9420007324219,156.03000106811524,157.88500061035157,HOLD (Bearish)
CCI,93.37999725341797,93.37999725341797,94.23499984741211,94.61675567626953,94.00099983215333,94.56459014892579,HOLD (Bearish)
CCL,27.2549991607666,27.2549991607666,28.192000007629396,29.3892000579834,28.11274995803833,29.30770004272461,HOLD (Bearish)
CDNS,316.92999267578125,316.92999267578125,332.6280014038086,343.4384002685547,332.2695007324219,342.8305999755859,HOLD (Bearish)
CDW,147.2100067138672,147.2100067138672,151.9485008239746,157.41039978027345,151.86750106811525,157.08720001220703,HOLD (Bearish)
CEG,353.4549865722656,353.4549865722656,374.19500122070315,352.3998010253906,371.67024993896484,353.2993005371094,HOLD (Bullish)
CF,84.91480255126953,84.91480255126953,84.26400032043458,86.17339981079101,84.23774032592773,86.17629592895508,HOLD (Bearish)
CFG,52.52000045776367,52.52000045776367,50.760590171813966,51.42958038330078,50.824755859375,51.45584136962891,HOLD (Bearish)
CHD,85.75499725341797,85.75499725341797,86.14500007629394,88.44259994506837,86.11375007629394,88.29209991455077,HOLD (Bearish)
CHRW,153.55999755859375,153.55999755859375,138.4705005645752,134.2455078125,139.74800071716308,134.7533999633789,HOLD (Bullish)
CHTR,209.80650329589844,209.80650329589844,236.82199935913087,255.00600006103517,234.0843246459961,253.97773010253906,HOLD (Bearish)
CI,275.2598876953125,275.2598876953125,282.60849914550784,291.65360168457033,281.6429931640625,291.1793988037109,HOLD (Bearish)
CINF,166.88499450683594,166.88499450683594,156.9809997558594,156.91311279296875,157.50774917602538,157.19732513427735,HOLD (Bullish)
CL,78.98999786376953,78.98999786376953,77.70665092468262,79.18912902832031,77.80050125122071,79.10389236450196,HOLD (Bearish)
CLX,105.11000061035156,105.11000061035156,112.87571754455567,117.98331466674804,112.27442626953125,117.65273941040039,HOLD (Bearish)
CMCSA,27.7450008392334,27.7450008392334,28.501000118255615,30.354473724365235,28.40225019454956,30.238692588806153,HOLD (Bearish)
CME,280.31988525390625,280.31988525390625,268.6229995727539,266.2439532470703,269.231494140625,266.48899536132814,HOLD (Bullish)
CMG,31.06559944152832,31.06559944152832,36.79699974060058,38.768400039672855,36.26177968978882,38.553912010192875,HOLD (Bearish)
CMI,478.9750061035156,478.9750061035156,434.57749938964844,424.00780029296874,437.3567489624023,425.7447003173828,HOLD (Bullish)
CMS,74.66000366210938,74.66000366210938,73.45353622436524,72.20597854614257,73.44929733276368,72.27951416015625,HOLD (Bullish)
CNC,36.689998626708984,36.689998626708984,35.43250007629395,34.55299999237061,35.47749996185303,34.68559997558594,HOLD (Bullish)
CNP,39.6150016784668,39.6150016784668,39.377499961853026,38.829000091552736,39.36525001525879,38.86890014648438,HOLD (Bullish)
COF,222.88999938964844,222.88999938964844,218.39850006103515,219.15000091552736,218.7879997253418,219.1812008666992,HOLD (Bearish)
COIN,303.4984130859375,303.4984130859375,330.1704986572266,334.20919921875,328.530419921875,334.2329675292969,HOLD (Bearish)
COO,72.98999786376953,72.98999786376953,71.41499977111816,69.43820007324219,71.62649955749512,69.5552000427246,HOLD (Bullish)
COP,89.31999969482422,89.31999969482422,87.81350135803223,91.20280044555665,87.89250144958496,91.09620040893554,HOLD (Bearish)
COR,364.55999755859375,364.55999755859375,339.2994979858398,317.1315979003906,341.54699859619143,318.51999755859373,HOLD (Bullish)
COST,913.5999755859375,913.5999755859375,928.5606323242188,935.9531896972657,926.5585906982421,935.2564245605469,HOLD (Bearish)
CPAY,287.260009765625,287.260009765625,277.0954986572266,290.3847985839844,277.06949920654296,289.74259887695314,HOLD (Bearish)
CPB,31.209999084472656,31.209999084472656,30.63449983596802,31.50869945526123,30.687499809265137,31.466523704528807,HOLD (Bearish)
CPRT,41.7400016784668,41.7400016784668,43.24899959564209,44.93799980163574,43.107999610900876,44.810399856567386,HOLD (Bearish)
CPT,103.33999633789062,103.33999633789062,101.9625,104.39759475708007,102.04449996948242,104.29775833129882,HOLD (Bearish)
CRL,172.1199951171875,172.1199951171875,179.99749984741212,168.31200103759767,180.06749954223633,168.50780090332032,HOLD (Bullish)
CRM,246.40499877929688,246.40499877929688,251.0970016479492,246.86496307373048,251.58825149536133,246.67297882080078,HOLD (Bullish)
CRWD,547.655029296875,547.655029296875,526.1634994506836,492.3464007568359,529.0952514648437,495.03550109863284,HOLD (Bullish)
CSCO,73.72650146484375,73.72650146484375,71.39049949645997,69.15230941772461,71.60082473754883,69.2815626525879,HOLD (Bullish)
CSGP,68.41500091552734,68.41500091552734,72.67600059509277,79.71860046386719,72.33725051879883,79.3297004699707,HOLD (Bearish)
CSX,35.349998474121094,35.349998474121094,35.751999855041504,34.737799911499025,35.70749969482422,34.79919990539551,HOLD (Bullish)
CTAS,185.1300048828125,185.1300048828125,187.40449905395508,195.15039916992188,187.2884994506836,194.7407992553711,HOLD (Bearish)
CTRA,26.297300338745117,26.297300338745117,24.27349987030029,24.001799926757812,24.428364849090578,24.04634593963623,HOLD (Bullish)
CTSH,73.80999755859375,73.80999755859375,70.14449996948242,69.18320022583008,70.49749984741212,69.22300018310547,HOLD (Bullish)
CTVA,66.8499984741211,66.8499984741211,62.95300006866455,66.07400001525879,63.2,65.96319999694825,HOLD (Bearish)
CVS,81.5,81.5,80.06598777770996,76.88943603515625,80.14019470214843,77.0649267578125,HOLD (Bullish)
CVX,153.06849670410156,153.06849670410156,154.42750091552733,155.31820037841797,154.47542572021484,155.2183703613281,HOLD (Bearish)
D,61.1343994140625,61.1343994140625,60.356000137329104,60.23465026855469,60.328220176696775,60.292327880859375,HOLD (Bullish)
DAL,60.209999084472656,60.209999084472656,59.129600524902344,58.83770149230957,59.064500427246095,58.8202352142334,HOLD (Bullish)
DASH,196.60000610351562,196.60000610351562,245.97300033569337,257.0551995849609,242.17250137329103,256.01059967041016,HOLD (Bearish)
DAY,69.00499725341797,69.00499725341797,68.47349967956544,68.70779968261719,68.50974960327149,68.697099609375,HOLD (Bearish)
DD,40.849998474121094,40.849998474121094,35.526596260070804,33.64955059051513,35.92620906829834,33.83416561126709,HOLD (Bullish)
DDOG,190.20689392089844,190.20689392089844,164.4427505493164,152.39630126953125,165.95209503173828,153.5484390258789,HOLD (Bullish)
DE,479.3800048828125,479.3800048828125,466.8590026855469,465.2105352783203,468.4050033569336,465.44041625976564,HOLD (Bullish)
DECK,84.6500015258789,84.6500015258789,88.98749961853028,101.3986003112793,88.3979995727539,100.61820037841797,HOLD (Bearish)
DELL,141.97000122070312,141.97000122070312,153.54704742431642,142.94214645385742,152.98783264160156,143.3099530029297,HOLD (Bullish)
DG,104.2699966430664,104.2699966430664,101.92350006103516,102.4591943359375,101.82099990844726,102.363984375,HOLD (Bearish)
DGX,187.9499969482422,187.9499969482422,181.73149871826172,182.22178436279296,181.76149826049806,182.40645629882812,HOLD (Bearish)
DHI,145.92999267578125,145.92999267578125,151.28450088500978,161.93820037841797,150.81900024414062,161.41340026855468,HOLD (Bearish)
DHR,218.90499877929688,218.90499877929688,214.45499954223632,204.2370053100586,215.0952491760254,204.63333923339843,HOLD (Bullish)
DIS,117.05999755859375,117.05999755859375,111.91349945068359,113.2661996459961,112.18099937438964,113.25979965209962,HOLD (Bearish)
DLR,164.08999633789062,164.08999633789062,171.839501953125,171.34667907714845,171.28400192260742,171.42119140625,SELL (Death Cross)
DLTR,105.63500213623047,105.63500213623047,100.84550018310547,97.08660034179688,101.32875022888183,97.15870040893554,HOLD (Bullish)
DOC,17.674999237060547,17.674999237060547,18.139783668518067,18.283072967529296,18.103150177001954,18.28587028503418,HOLD (Bearish)
DOV,184.625,184.625,176.22950134277343,172.2336004638672,177.32775115966797,172.4315005493164,HOLD (Bullish)
DOW,22.225799560546875,22.225799560546875,23.07599992752075,23.238999977111817,23.077289867401124,23.20491596221924,HOLD (Bearish)
DPZ,403.760009765625,403.760009765625,411.3135009765625,425.1147064208984,410.62850189208984,423.8938269042969,HOLD (Bearish)
DRI,174.86000061035156,174.86000061035156,182.1230010986328,190.10228790283202,181.4480010986328,189.4675555419922,HOLD (Bearish)
DTE,140.05999755859375,140.05999755859375,139.11800003051758,138.34373596191406,138.9979995727539,138.4567205810547,HOLD (Bullish)
DUK,123.86499786376953,123.86499786376953,125.90000038146972,124.01299987792969,125.65975036621094,124.06029983520507,HOLD (Bullish)
DVA,124.45500183105469,124.45500183105469,124.56050071716308,128.52359985351563,124.48325080871582,128.29329986572264,HOLD (Bearish)
DVN,35.1150016784668,35.1150016784668,32.67999982833862,33.863770713806154,32.80524988174439,33.86931354522705,HOLD (Bearish)
DXCM,59.40999984741211,59.40999984741211,64.49750003814697,68.50540031433106,64.1974998474121,68.11520034790038,HOLD (Bearish)
EA,201.91000366210938,201.91000366210938,200.5724998474121,190.21860046386718,200.63050003051757,190.89960052490235,HOLD (Bullish)
EBAY,88.27999877929688,88.27999877929688,89.87500076293945,90.57560012817383,89.7455005645752,90.53800003051758,HOLD (Bearish)
ECL,262.5,262.5,266.5740005493164,269.46846252441406,266.01399993896484,269.2669885253906,HOLD (Bearish)
ED,99.91999816894531,99.91999816894531,99.3,98.80220031738281,99.1814998626709,98.8436003112793,HOLD (Bullish)
EFX,208.2550048828125,208.2550048828125,219.48600006103516,236.55839965820311,218.41675033569337,235.9736996459961,HOLD (Bearish)
EG,323.7799987792969,323.7799987792969,330.9615005493164,340.15419799804687,329.72300109863284,339.65919799804686,HOLD (Bearish)
EIX,58.790000915527344,58.790000915527344,56.71700038909912,55.19667640686035,56.81950035095215,55.28220268249512,HOLD (Bullish)
EL,92.41999816894531,92.41999816894531,95.91449928283691,91.59759948730469,95.77199935913086,91.60739944458008,HOLD (Bullish)
ELV,330.9100036621094,330.9100036621094,332.03199768066406,328.7899688720703,331.1029983520508,329.0112744140625,HOLD (Bullish)
EME,650.0549926757812,650.0549926757812,688.7615020751953,662.4216613769531,686.7322509765625,662.8818127441406,HOLD (Bullish)
EMR,132.51499938964844,132.51499938964844,132.97300186157227,132.29240127563477,133.08525161743165,132.35270126342775,HOLD (Bullish)
EOG,108.92500305175781,108.92500305175781,106.27734336853027,110.98585189819336,106.34375,110.77568756103516,HOLD (Bearish)
EPAM,179.9600067138672,179.9600067138672,159.95949935913086,157.10379943847656,161.80899963378906,157.22199951171876,HOLD (Bullish)
EQIX,814.989990234375,814.989990234375,825.5234985351562,802.4029968261718,825.1609985351563,803.4583972167969,HOLD (Bullish)
EQR,60.16019821166992,60.16019821166992,61.07650012969971,62.866261596679685,60.98001003265381,62.78982139587402,HOLD (Bearish)
EQT,60.90999984741211,60.90999984741211,54.930679893493654,53.520989151000975,55.21236953735352,53.71123512268066,HOLD (Bullish)
ERIE,282.45001220703125,282.45001220703125,305.3250030517578,315.1343719482422,303.52750396728516,314.24804260253904,HOLD (Bearish)
ES,73.48999786376953,73.48999786376953,73.32099990844726,69.98554069519042,73.38349990844726,70.20356903076171,HOLD (Bullish)
ESS,257.57000732421875,257.57000732421875,258.34050064086915,261.10616088867187,258.3615013122559,261.0778515625,HOLD (Bearish)
ETN,368.2099914550781,368.2099914550781,377.3789993286133,371.36179809570314,376.70349884033203,371.8661981201172,HOLD (Bullish)
ETR,96.47000122070312,96.47000122070312,96.31800003051758,93.43580062866211,96.25900001525879,93.62120071411132,HOLD (Bullish)
EVRG,77.11000061035156,77.11000061035156,77.4379997253418,75.4015998840332,77.36099967956542,75.51599990844727,HOLD (Bullish)
EW,85.41000366210938,85.41000366210938,79.88800010681152,77.8800001525879,80.5120002746582,77.96380020141602,HOLD (Bullish)
EXC,45.90999984741211,45.90999984741211,46.665713691711424,45.11157241821289,46.59041481018066,45.16968246459961,HOLD (Bullish)
EXE,119.625,119.625,106.19999961853027,103.36309997558594,107.022749710083,103.81399993896484,HOLD (Bullish)
EXPD,141.16000366210938,141.16000366210938,124.93099899291992,122.72219955444336,126.12149925231934,123.13739959716797,HOLD (Bullish)
EXPE,276.6199951171875,276.6199951171875,225.64650039672853,221.63359954833984,228.55600051879884,222.91519958496093,HOLD (Bullish)
EXR,133.11500549316406,133.11500549316406,141.9369972229004,142.19711639404298,141.13324737548828,142.0269467163086,HOLD (Bearish)
F,13.395000457763672,13.395000457763672,12.681278324127197,12.065832328796386,12.769750928878784,12.103989353179932,HOLD (Bullish)
FANG,146.32000732421875,146.32000732421875,142.41449890136718,142.19720001220702,142.6334991455078,142.27780029296875,HOLD (Bullish)
FAST,40.82500076293945,40.82500076293945,41.78271293640137,45.06131782531738,41.722885322570804,44.892539749145506,HOLD (Bearish)
FCX,42.1150016784668,42.1150016784668,41.03249969482422,41.85454666137695,41.05274982452393,41.775949783325196,HOLD (Bearish)
FDS,269.94000244140625,269.94000244140625,275.9915008544922,298.65340026855466,275.29100036621094,296.6362005615234,HOLD (Bearish)
FDX,270.44000244140625,270.44000244140625,248.2349998474121,238.73721374511717,249.96699981689454,239.66791076660155,HOLD (Bullish)
FE,46.375,46.375,46.05259971618652,44.98837707519531,46.00998249053955,45.05629776000976,HOLD (Bullish)
FFIV,241.5500030517578,241.5500030517578,272.86299896240234,305.4286016845703,268.4029991149902,304.07900177001954,HOLD (Bearish)
FICO,1778.8199462890625,1778.8199462890625,1646.6734924316406,1617.460400390625,1653.7819885253907,1622.6217993164062,HOLD (Bullish)
FIS,66.22000122070312,66.22000122070312,65.41499938964844,66.16359504699707,65.3979995727539,66.1321425628662,HOLD (Bearish)
FISV,64.61000061035156,64.61000061035156,94.37600002288818,115.8991999053955,91.55100002288819,114.45599983215332,HOLD (Bearish)
FITB,43.130001068115234,43.130001068115234,42.11599979400635,43.57642807006836,42.12649993896484,43.535459747314455,HOLD (Bearish)
FOX,60.185001373291016,60.185001373291016,55.559000396728514,54.8244002532959,55.98825054168701,54.93070030212402,HOLD (Bullish)
FOXA,66.66999816894531,66.66999816894531,61.861500358581544,60.87300018310547,62.317500305175784,61.00480010986328,HOLD (Bullish)
FRT,98.58000183105469,98.58000183105469,98.02999992370606,98.51315521240234,98.04799995422363,98.50567855834962,HOLD (Bearish)
FSLR,267.19000244140625,267.19000244140625,248.76950378417968,229.43940185546876,249.90900421142578,230.7534017944336,HOLD (Bullish)
FTNT,82.21499633789062,82.21499633789062,84.39800033569335,83.36000015258789,84.32975006103516,83.47270004272461,HOLD (Bullish)
FTV,52.099998474121094,52.099998474121094,49.991000175476074,49.20027862548828,50.171500015258786,49.30281707763672,HOLD (Bullish)
GD,351.7550048828125,351.7550048828125,342.622998046875,334.7304754638672,343.6087478637695,335.3376287841797,HOLD (Bullish)
GDDY,131.97000122070312,131.97000122070312,131.42150115966797,137.11700073242187,131.50800094604492,136.88660064697265,HOLD (Bearish)
GE,307.9200134277344,307.9200134277344,306.36500091552733,298.1334051513672,306.7550018310547,298.7799407958984,HOLD (Bullish)
GEHC,74.5009994506836,74.5009994506836,75.3550952911377,75.1236524963379,75.42080345153809,75.16672836303711,HOLD (Bullish)
GEN,27.225000381469727,27.225000381469727,26.513000202178954,27.700400123596193,26.522250175476074,27.651700134277345,HOLD (Bearish)
GEV,575.7839965820312,575.7839965820312,580.7391296386719,601.6234887695313,578.7436614990235,601.6031787109375,HOLD (Bearish)
GILD,123.11000061035156,123.11000061035156,120.74750022888183,116.65948822021484,120.98800010681153,116.87747314453125,HOLD (Bullish)
GIS,46.459999084472656,46.459999084472656,47.3620002746582,48.56489288330078,47.29800014495849,48.51142677307129,HOLD (Bearish)
GL,133.41000366210938,133.41000366210938,133.74199981689452,137.83994079589843,133.50749969482422,137.70218444824218,HOLD (Bearish)
GLW,88.95500183105469,88.95500183105469,87.08200035095214,82.48800018310547,87.19875030517578,82.88030029296876,HOLD (Bullish)
GM,72.1500015258789,72.1500015258789,66.69099979400634,61.81702056884765,67.40849990844727,62.10799995422363,HOLD (Bullish)
GNRC,162.41749572753906,162.41749572753906,176.27649841308593,175.83499938964843,174.81387329101562,175.58054931640626,SELL (Death Cross)
GOOG,286.9700012207031,286.9700012207031,270.20299911499023,254.93091735839843,271.965998840332,256.0524447631836,HOLD (Bullish)
GOOGL,286.38079833984375,286.38079833984375,269.60150146484375,254.35372650146485,271.3690414428711,255.47226470947265,HOLD (Bullish)
GPC,127.98999786376953,127.98999786376953,129.33799934387207,134.35772628784179,129.05999908447265,134.21199981689452,HOLD (Bearish)
GPN,77.66000366210938,77.66000366210938,82.00150032043457,84.41593399047852,81.57950057983399,84.23893859863281,HOLD (Bearish)
GRMN,199.66000366210938,199.66000366210938,228.54149932861327,237.5379772949219,226.0529998779297,236.81065856933594,HOLD (Bearish)
GS,834.3800048828125,834.3800048828125,778.6945068359375,780.5848046875,782.0170074462891,782.6612048339844,HOLD (Bearish)
GWW,947.5800170898438,947.5800170898438,959.6649993896484,968.7498718261719,959.2578491210937,967.3748864746094,HOLD (Bearish)
HAL,27.109699249267578,27.109699249267578,26.043999767303468,24.323599967956543,26.279984760284425,24.433993949890137,HOLD (Bullish)
HAS,79.02999877929688,79.02999877929688,76.40350036621093,76.10519989013672,76.64850044250488,76.10519989013672,HOLD (Bullish)
HBAN,15.970000267028809,15.970000267028809,15.621499872207641,16.54796953201294,15.60949993133545,16.518301544189452,HOLD (Bearish)
HCA,476.8299865722656,476.8299865722656,453.238996887207,429.89746643066405,456.0679962158203,431.29642517089843,HOLD (Bullish)
HD,371.0199890136719,371.0199890136719,381.8189971923828,395.82279907226564,380.95499725341796,395.13499938964844,HOLD (Bearish)
HIG,132.65499877929688,132.65499877929688,125.93899993896484,129.46600006103515,126.13874969482421,129.4561001586914,HOLD (Bearish)
HII,321.4200134277344,321.4200134277344,301.6440002441406,287.6961999511719,303.4670013427734,288.7380004882813,HOLD (Bullish)
HLT,276.7099914550781,276.7099914550781,264.6944976806641,265.74159851074216,265.27449798583984,265.77579833984373,HOLD (Bearish)
HOLX,74.625,74.625,73.11700057983398,69.29240028381348,73.49825057983398,69.46010032653808,HOLD (Bullish)
HON,201.9149932861328,201.9149932861328,197.7964195251465,197.91366760253905,198.34928512573242,197.918037109375,BUY (Golden Cross)
HOOD,132.60000610351562,132.60000610351562,136.8925003051758,131.36599975585938,136.81500091552735,132.0015998840332,HOLD (Bullish)
HPE,23.479999542236328,23.479999542236328,23.667000007629394,24.167748527526854,23.588999938964843,24.183347702026367,HOLD (Bearish)
HPQ,25.21500015258789,25.21500015258789,27.154000186920165,27.43647029876709,26.984250164031984,27.37248260498047,HOLD (Bearish)
HRL,22.264999389648438,22.264999389648438,22.799999904632568,23.75154228210449,22.730749893188477,23.69608554840088,HOLD (Bearish)
HSIC,72.78500366210938,72.78500366210938,65.94850025177001,66.46180015563965,66.4252504348755,66.57490028381348,HOLD (Bearish)
HST,18.145000457763672,18.145000457763672,16.656999778747558,16.868200149536133,16.735749816894533,16.891245079040527,HOLD (Bearish)
HSY,178.1649932861328,178.1649932861328,176.97150192260742,184.31180053710938,176.29975128173828,184.1813003540039,HOLD (Bearish)
HUBB,452.2799987792969,452.2799987792969,448.95349884033203,437.3459991455078,449.86499938964846,437.8155993652344,HOLD (Bullish)
HUM,244.07000732421875,244.07000732421875,275.43550033569335,275.0596517944336,274.5305000305176,273.72315521240233,HOLD (Bullish)
HWM,207.32000732421875,207.32000732421875,200.71810073852538,193.0292416381836,201.47620849609376,193.68787719726564,HOLD (Bullish)
IBKR,72.72000122070312,72.72000122070312,69.12050018310546,67.32340003967285,69.2680004119873,67.49880004882813,HOLD (Bullish)
IBM,315.7550048828125,315.7550048828125,297.979264831543,280.68489227294924,299.8064880371094,282.1447622680664,HOLD (Bullish)
ICE,153.1999969482422,153.1999969482422,152.39399948120118,161.4429180908203,152.1809989929199,161.01407958984376,HOLD (Bearish)
IDXX,713.27001953125,713.27001953125,664.1325012207031,647.9921997070312,667.8385009765625,649.5785998535156,HOLD (Bullish)
IEX,169.7899932861328,169.7899932861328,168.0160011291504,164.49069702148438,168.34600067138672,164.67390899658204,HOLD (Bullish)
IFF,65.73999786376953,65.73999786376953,63.72449989318848,63.03913917541504,63.91499977111816,63.04839668273926,HOLD (Bullish)
INCY,108.56500244140625,108.56500244140625,95.08199996948242,89.16139999389648,96.10275001525879,89.59350006103516,HOLD (Bullish)
INTC,37.935001373291016,37.935001373291016,38.4875,33.908800010681155,38.526749992370604,34.18750003814697,HOLD (Bullish)
INTU,658.8049926757812,658.8049926757812,663.828500366211,667.5854260253906,664.1342498779297,667.4123229980469,HOLD (Bearish)
INVH,29.030000686645508,29.030000686645508,28.41550006866455,28.844562225341797,28.44600009918213,28.82656478881836,HOLD (Bearish)
IP,38.779998779296875,38.779998779296875,42.96749992370606,45.099399948120116,42.55949993133545,44.91159996032715,HOLD (Bearish)
IPG,25.249900817871094,25.249900817871094,26.130000114440918,26.352200088500975,26.040495109558105,26.327998123168946,HOLD (Bearish)
IQV,221.52000427246094,221.52000427246094,213.83050155639648,200.44700042724608,214.75050201416016,201.18500061035155,HOLD (Bullish)
IR,78.52999877929688,78.52999877929688,78.06249961853027,79.50119979858398,78.15549964904785,79.52419982910156,HOLD (Bearish)
IRM,99.5,99.5,103.57500076293945,101.46158798217773,103.26200065612792,101.66997085571289,HOLD (Bullish)
ISRG,572.760009765625,572.760009765625,522.4335067749023,476.01100280761716,529.2910079956055,478.6426031494141,HOLD (Bullish)
IT,231.24850463867188,231.24850463867188,242.03349914550782,247.28420043945312,241.75642471313478,246.95757049560547,HOLD (Bearish)
ITW,246.57000732421875,246.57000732421875,247.26800155639648,253.9786831665039,247.2120018005371,253.7172671508789,HOLD (Bearish)
IVZ,24.65999984741211,24.65999984741211,23.330000019073488,22.993000030517578,23.382999992370607,23.05220001220703,HOLD (Bullish)
J,155.03500366210938,155.03500366210938,157.47350158691407,152.70540191650392,157.1937515258789,152.93870208740233,HOLD (Bullish)
JBHT,169.875,169.875,166.42935943603516,149.00719390869142,167.99967880249022,149.50466247558595,HOLD (Bullish)
JBL,215.8300018310547,215.8300018310547,212.30450057983398,212.2859994506836,212.7520004272461,212.53859954833985,HOLD (Bullish)
JCI,123.22000122070312,123.22000122070312,114.20650062561035,110.27920043945312,114.8265007019043,110.63680053710938,HOLD (Bullish)
JKHY,166.86000061035156,166.86000061035156,155.76400146484374,154.66302001953125,156.38400115966797,154.78,HOLD (Bullish)
JNJ,194.97500610351562,194.97500610351562,189.72850036621094,184.83060028076173,189.91875076293945,185.17010040283202,HOLD (Bullish)
JPM,320.55999755859375,320.55999755859375,305.8164993286133,306.12524353027345,306.5599990844727,306.5752252197266,HOLD (Bearish)
K,83.4000015258789,83.4000015258789,83.0989990234375,81.35360000610352,83.12949905395507,81.44080001831054,HOLD (Bullish)
KDP,27.065000534057617,27.065000534057617,27.26299982070923,26.803671188354492,27.26974983215332,26.768367881774903,HOLD (Bullish)
KEY,17.825000762939453,17.825000762939453,17.557000064849852,18.22759998321533,17.56175012588501,18.205099983215334,HOLD (Bearish)
KEYS,184.44700622558594,184.44700622558594,173.68500061035155,172.34920074462892,174.66535110473632,172.73174072265624,HOLD (Bullish)
KHC,24.68000030517578,24.68000030517578,24.895999813079833,25.59919990539551,24.87049980163574,25.554199905395507,HOLD (Bearish)
KIM,20.639999389648438,20.639999389648438,21.329500102996825,21.630668106079103,21.276000118255617,21.598800086975096,HOLD (Bearish)
KKR,122.20500183105469,122.20500183105469,120.18199996948242,129.14739959716798,120.06925010681152,128.89489959716798,HOLD (Bearish)
KLAC,1197.6199951171875,1197.6199951171875,1178.8440063476562,1083.27080078125,1184.3745056152343,1090.3452001953126,HOLD (Bullish)
KMB,105.0,105.0,113.56649971008301,120.01182815551758,112.82049980163575,119.57679992675781,HOLD (Bearish)
KMI,27.030000686645508,27.030000686645508,26.39573469161987,26.903957710266113,26.382179069519044,26.915938568115234,HOLD (Bearish)
KO,71.76499938964844,71.76499938964844,69.32800064086913,67.74775604248048,69.56225051879883,67.81375747680664,HOLD (Bullish)
KR,65.30999755859375,65.30999755859375,66.35300006866456,66.64999992370605,66.16350002288819,66.59219993591309,HOLD (Bearish)
KVUE,16.969999313354492,16.969999313354492,15.425499868392944,16.607199954986573,15.460999822616577,16.537599925994872,HOLD (Bearish)
L,104.05000305175781,104.05000305175781,100.15849952697754,99.48279998779297,100.34549980163574,99.62620010375977,HOLD (Bullish)
LDOS,195.89999389648438,195.89999389648438,191.4980010986328,188.50985321044922,191.9645004272461,188.88138549804688,HOLD (Bullish)
LEN,124.33000183105469,124.33000183105469,124.5120002746582,127.01417724609375,124.60650024414062,126.83054870605469,HOLD (Bearish)
LH,265.2900085449219,265.2900085449219,267.6564994812012,273.8245999145508,266.78349990844725,273.6536001586914,HOLD (Bearish)
LHX,300.739990234375,300.739990234375,290.3875,288.9475909423828,290.9384994506836,289.5242016601562,HOLD (Bullish)
LII,482.8500061035156,482.8500061035156,503.4915008544922,526.8108044433594,501.28450164794924,525.5942230224609,HOLD (Bearish)
LIN,429.20001220703125,429.20001220703125,434.6725021362305,456.8852020263672,433.56150207519534,456.06360229492185,HOLD (Bearish)
LKQ,30.975000381469727,30.975000381469727,30.586000156402587,30.801999969482424,30.647250175476074,30.78189998626709,HOLD (Bearish)
LLY,1012.760009765625,1012.760009765625,861.4950012207031,809.8777990722656,870.8045013427734,815.3763989257812,HOLD (Bullish)
LMT,458.6000061035156,458.6000061035156,483.29600219726564,484.1068005371094,481.25550231933596,484.2976007080078,HOLD (Bearish)
LNT,68.27999877929688,68.27999877929688,67.4735668182373,66.11203674316407,67.4816780090332,66.19686782836914,HOLD (Bullish)
LOW,235.2449951171875,235.2449951171875,239.2908187866211,248.74653167724608,239.03565368652343,248.26333953857423,HOLD (Bearish)
LRCX,161.52000427246094,161.52000427246094,153.95199813842774,137.44238662719727,154.78899841308595,138.7218391418457,HOLD (Bullish)
LULU,171.0574951171875,171.0574951171875,171.1129997253418,172.15899932861328,171.31087417602538,171.6095492553711,HOLD (Bearish)
LUV,33.11000061035156,33.11000061035156,32.09050016403198,32.08800006866455,32.06800012588501,32.10360004425049,SELL (Death Cross)
LVS,66.93000030517578,66.93000030517578,57.52235774993896,54.650676498413084,58.42728614807129,54.88636138916016,HOLD (Bullish)
LW,58.2400016784668,58.2400016784668,63.3735429763794,60.24794609069824,63.10557556152344,60.288475036621094,HOLD (Bullish)
LYB,43.33000183105469,43.33000183105469,45.54699993133545,48.81380004882813,45.37550010681152,48.59660011291504,HOLD (Bearish)
LYV,141.55999755859375,141.55999755859375,149.4160011291504,157.28080017089843,148.7325012207031,156.87260009765626,HOLD (Bearish)
MA,563.4500122070312,563.4500122070312,559.8039978027343,570.3028930664062,559.8359985351562,569.7219372558594,HOLD (Bearish)
MAA,131.5449981689453,131.5449981689453,130.76149864196776,135.112550201416,130.73874855041504,134.9077360534668,HOLD (Bearish)
MAR,293.6099853515625,293.6099853515625,271.205500793457,267.6046032714844,272.57649993896484,268.17540283203124,HOLD (Bullish)
MAS,62.41999816894531,62.41999816894531,65.62874660491943,68.79784385681153,65.39109668731689,68.60686515808105,HOLD (Bearish)
MCD,306.1600036621094,306.1600036621094,304.08249816894534,303.9381988525391,304.1279983520508,303.7335986328125,HOLD (Bullish)
MCHP,55.99020004272461,55.99020004272461,62.33649921417236,63.87419921875,61.87550926208496,63.72840324401855,HOLD (Bearish)
MCK,841.4299926757812,841.4299926757812,815.5949981689453,764.2166003417968,818.0699981689453,767.2283996582031,HOLD (Bullish)
MCO,492.1000061035156,492.1000061035156,482.26000061035154,487.4366009521484,482.9395004272461,487.3498010253906,HOLD (Bearish)
MDLZ,57.234500885009766,57.234500885009766,59.22399978637695,60.919339141845704,59.00272483825684,60.84781677246094,HOLD (Bearish)
MDT,95.69999694824219,95.69999694824219,93.18949966430664,94.00054611206055,93.20749969482422,94.08343734741212,HOLD (Bearish)
MET,80.04000091552734,80.04000091552734,78.12623443603516,79.37709518432617,78.07649841308594,79.3780502319336,HOLD (Bearish)
META,613.227294921875,613.227294921875,689.3484985351563,721.7863500976563,684.1323638916016,719.3198388671875,HOLD (Bearish)
MGM,33.16999816894531,33.16999816894531,32.18499984741211,33.74299983978271,32.23499984741211,33.64419979095459,HOLD (Bearish)
MHK,109.9800033569336,109.9800033569336,118.40849952697754,125.2836001586914,117.53499984741211,124.87160018920899,HOLD (Bearish)
MKC,66.15039825439453,66.15039825439453,65.68350048065186,66.32823684692383,65.7260202407837,66.26406173706054,HOLD (Bearish)
MLM,617.47998046875,617.47998046875,619.9465057373047,621.7598022460937,618.8625061035157,621.8854016113281,HOLD (Bearish)
MMC,182.6300048828125,182.6300048828125,184.13349990844728,194.11071685791015,183.0724998474121,193.6762728881836,HOLD (Bearish)
MMM,171.1699981689453,171.1699981689453,163.56050033569335,158.36340057373047,164.44550018310548,158.74680053710938,HOLD (Bullish)
MNST,71.18000030517578,71.18000030517578,68.75900115966797,66.92480033874511,68.88550109863282,67.07820037841798,HOLD (Bullish)
MO,58.41999816894531,58.41999816894531,61.04500045776367,63.63410972595215,60.722500228881835,63.49110328674316,HOLD (Bearish)
MOH,144.00999450683594,144.00999450683594,165.44550018310548,178.41559997558593,163.02649993896483,177.755,HOLD (Bearish)
MOS,25.514999389648438,25.514999389648438,28.073499774932863,31.40954433441162,27.859749698638915,31.270476875305175,HOLD (Bearish)
MPC,198.38999938964844,198.38999938964844,191.13799972534179,188.5951998901367,191.8659996032715,188.9829998779297,HOLD (Bullish)
MPWR,966.9600219726562,966.9600219726562,1021.706509399414,948.8368310546875,1019.6580108642578,951.6539538574219,HOLD (Bullish)
MRK,91.72000122070312,91.72000122070312,86.17049980163574,84.61941864013671,86.55099983215332,84.78668670654297,HOLD (Bullish)
MRNA,26.469999313354492,26.469999313354492,25.985499954223634,25.863999977111817,25.922999954223634,25.912399978637694,HOLD (Bullish)
MS,169.69000244140625,169.69000244140625,162.33772964477538,157.9842172241211,162.7389404296875,158.42539245605468,HOLD (Bullish)
MSCI,586.5651245117188,586.5651245117188,562.2579986572266,563.4817980957031,564.1162536621093,564.1809008789063,HOLD (Bearish)
MSFT,509.9100036621094,509.9100036621094,517.1804992675782,513.9333990478516,517.0044998168945,514.0245989990234,HOLD (Bullish)
MSI,392.8399963378906,392.8399963378906,422.47349700927737,449.16033752441405,420.1684967041016,447.5553955078125,HOLD (Bearish)
MTB,188.63999938964844,188.63999938964844,183.0014991760254,190.6563998413086,183.18199920654297,190.45779968261718,HOLD (Bearish)
MTCH,33.125,33.125,32.670499610900876,34.56517303466797,32.68324966430664,34.47998237609863,HOLD (Bearish)
MTD,1464.635009765625,1464.635009765625,1402.227490234375,1326.2252001953125,1410.2592407226562,1330.1459008789063,HOLD (Bullish)
MU,243.6999969482422,243.6999969482422,220.37100143432616,186.42063186645507,222.95900115966796,188.92171783447264,HOLD (Bullish)
NCLH,19.104999542236328,19.104999542236328,21.729500007629394,23.612200050354005,21.50574998855591,23.487500038146973,HOLD (Bearish)
NDAQ,88.66000366210938,88.66000366210938,87.51150016784668,89.31411849975586,87.46350021362305,89.21719985961914,HOLD (Bearish)
NDSN,237.74000549316406,237.74000549316406,233.74050064086913,229.7974069213867,234.03500061035157,230.12907867431642,HOLD (Bullish)
NEE,85.56999969482422,85.56999969482422,83.55499992370605,78.69639984130859,83.5439998626709,78.97519989013672,HOLD (Bullish)
NEM,93.7750015258789,93.7750015258789,85.51599960327148,83.71339965820313,85.5257495880127,84.08549972534179,HOLD (Bullish)
NFLX,1156.0,1156.0,1132.2414916992188,1180.0171948242187,1129.8769897460938,1178.61359375,HOLD (Bearish)
NI,43.7400016784668,43.7400016784668,43.093895530700685,42.16716522216797,43.1178674697876,42.21152137756348,HOLD (Bullish)
NKE,64.52999877929688,64.52999877929688,65.51499996185302,69.08279975891114,65.31849994659424,68.87859977722168,HOLD (Bearish)
NOC,561.27001953125,561.27001953125,587.1469940185547,591.601201171875,584.7639953613282,591.2064013671875,HOLD (Bearish)
NOW,858.2750244140625,858.2750244140625,907.1844970703125,918.2080004882813,904.9457489013672,916.9859008789062,HOLD (Bearish)
NRG,168.8699951171875,168.8699951171875,169.31085891723632,164.7826171875,169.20979080200195,165.2293392944336,HOLD (Bullish)
NSC,288.5799865722656,288.5799865722656,283.64305114746094,285.1496276855469,283.6563690185547,285.38405334472657,HOLD (Bearish)
NTAP,111.73999786376953,111.73999786376953,116.18250045776367,118.9227392578125,115.696000289917,118.83822738647461,HOLD (Bearish)
NTRS,133.47999572753906,133.47999572753906,127.56950073242187,129.18437438964844,127.7495002746582,129.27600036621095,HOLD (Bearish)
NUE,149.8000030517578,149.8000030517578,142.79149932861327,140.18260833740234,143.44349975585936,140.2861462402344,HOLD (Bullish)
NVDA,192.30499267578125,192.30499267578125,191.5760009765625,184.37644439697266,192.19975051879882,184.81033660888673,HOLD (Bullish)
NVR,7278.9501953125,7278.9501953125,7417.2445068359375,7816.02640625,7398.931005859375,7797.800810546875,HOLD (Bearish)
NWS,30.014999389648438,30.014999389648438,30.001999950408937,31.47717613220215,30.00674991607666,31.421703262329103,HOLD (Bearish)
NWSA,26.704999923706055,26.704999923706055,26.280499744415284,27.95780387878418,26.287249755859374,27.915071258544923,HOLD (Bearish)
NXPI,204.41000366210938,204.41000366210938,212.35900115966797,218.8786572265625,211.71800155639647,218.423798828125,HOLD (Bearish)
O,56.869998931884766,56.869998931884766,58.378151512146,58.80566749572754,58.26251277923584,58.79459487915039,HOLD (Bearish)
ODFL,140.4499969482422,140.4499969482422,138.5189987182617,141.05459869384765,138.78949890136718,140.90139862060548,HOLD (Bearish)
OKE,68.66000366210938,68.66000366210938,67.2086799621582,69.68795989990234,67.24865608215332,69.60647216796875,HOLD (Bearish)
OMC,73.52999877929688,73.52999877929688,76.34099960327148,77.03719970703125,76.05199966430663,76.95719970703125,HOLD (Bearish)
ON,49.125,49.125,50.97400016784668,50.01400016784668,50.9122501373291,50.040700149536136,HOLD (Bullish)
ORCL,226.91000366210938,226.91000366210938,268.48599700927736,279.49009094238284,264.65049743652344,279.56703308105466,HOLD (Bearish)
ORLY,98.52999877929688,98.52999877929688,97.49999961853027,101.7434001159668,97.32049942016602,101.63720016479492,HOLD (Bearish)
OTIS,90.97000122070312,90.97000122070312,91.54099960327149,90.33899993896485,91.51599960327148,90.445,HOLD (Bullish)
OXY,41.904998779296875,41.904998779296875,41.228000259399415,43.94761299133301,41.2292501449585,43.8646363067627,HOLD (Bearish)
PANW,211.9600067138672,211.9600067138672,214.6804992675781,208.23979949951172,214.94349975585936,208.64839965820312,HOLD (Bullish)
PAYC,167.21499633789062,167.21499633789062,189.104500579834,203.59400115966798,187.49025039672853,202.51130096435546,HOLD (Bearish)
PAYX,111.02899932861328,111.02899932861328,119.31026611328124,124.8581852722168,118.54675216674805,124.3921322631836,HOLD (Bearish)
PCAR,98.93000030517578,98.93000030517578,98.3245002746582,98.27540023803711,98.5095001220703,98.32960021972656,HOLD (Bullish)
PCG,16.7549991607666,16.7549991607666,16.340500020980834,15.747925758361816,16.344249963760376,15.77653537750244,HOLD (Bullish)
PEG,83.53500366210938,83.53500366210938,82.67299995422363,82.03362991333007,82.61324996948242,82.0901123046875,HOLD (Bullish)
PEP,144.6999969482422,144.6999969482422,148.22949981689453,145.02634002685548,147.90649948120117,144.97633911132812,HOLD (Bullish)
PFE,25.883800506591797,25.883800506591797,24.24207525253296,24.341558151245117,24.33786735534668,24.372013397216797,HOLD (Bearish)
PFG,85.01000213623047,85.01000213623047,81.24799995422363,81.55479995727539,81.45349998474121,81.66699996948242,HOLD (Bearish)
PG,148.22000122070312,148.22000122070312,149.0761947631836,151.7101724243164,149.16738204956056,151.53314025878908,HOLD (Bearish)
PGR,221.15499877929688,221.15499877929688,215.65650100708007,232.41253814697265,215.3892509460449,231.90324005126953,HOLD (Bearish)
PH,848.4600219726562,848.4600219726562,775.1077239990234,760.6302807617187,780.7173370361328,762.6611853027343,HOLD (Bullish)
PHM,120.58000183105469,120.58000183105469,120.86349983215332,127.73408065795898,120.65849990844727,127.48403030395508,HOLD (Bearish)
PKG,202.82000732421875,202.82000732421875,202.7375,209.07854309082032,202.39600067138673,208.9010855102539,HOLD (Bearish)
PLD,125.41000366210938,125.41000366210938,124.83600006103515,118.2492155456543,124.9685001373291,118.55802871704101,HOLD (Bullish)
PLTR,181.60000610351562,181.60000610351562,186.77849884033202,179.14940002441406,186.87749938964845,179.6834002685547,HOLD (Bullish)
PM,157.09500122070312,157.09500122070312,152.4854995727539,157.17382232666014,152.4537498474121,157.08171112060546,HOLD (Bearish)
PNC,186.50999450683594,186.50999450683594,182.71199951171874,191.87732116699217,182.920499420166,191.5448095703125,HOLD (Bearish)
PNR,108.87999725341797,108.87999725341797,108.30948600769042,109.3072427368164,108.25044212341308,109.35286834716797,HOLD (Bearish)
PNW,88.86000061035156,88.86000061035156,89.9449089050293,88.62016998291016,89.75057678222656,88.64101318359376,HOLD (Bullish)
PODD,335.8599853515625,335.8599853515625,320.56700134277344,324.2997998046875,321.7375,324.14639953613283,HOLD (Bearish)
POOL,250.02499389648438,250.02499389648438,277.07750091552737,298.5499981689453,275.05675048828124,297.4556982421875,HOLD (Bearish)
PPG,97.47000122070312,97.47000122070312,98.95242309570312,102.72372772216796,98.88464393615723,102.50543670654297,HOLD (Bearish)
PPL,36.869998931884766,36.869998931884766,37.01849994659424,36.64068466186524,36.96349983215332,36.65921951293945,HOLD (Bullish)
PRU,107.75,107.75,103.21649894714355,103.6925991821289,103.44749908447265,103.6989991760254,HOLD (Bearish)
PSA,276.1000061035156,276.1000061035156,291.8499954223633,290.0291857910156,290.60499572753906,289.7758709716797,HOLD (Bullish)
PSKY,15.5649995803833,15.5649995803833,16.055499935150145,17.079665031433105,15.962249898910523,17.09056650161743,HOLD (Bearish)
PSX,139.06500244140625,139.06500244140625,134.69349975585936,133.42719985961915,135.16824951171876,133.59789993286134,HOLD (Bullish)
PTC,178.98500061035156,178.98500061035156,195.6995002746582,201.2075994873047,194.50875015258788,200.54249938964844,HOLD (Bearish)
PWR,451.6300048828125,451.6300048828125,441.50699920654296,417.3022979736328,442.2419998168945,418.8485046386719,HOLD (Bullish)
PYPL,67.05000305175781,67.05000305175781,68.34750022888184,68.65220001220703,68.30100021362304,68.60040008544922,HOLD (Bearish)
Q,93.16999816894531,93.16999816894531,,,,,HOLD (Insufficient Data)
QCOM,177.29249572753906,177.29249572753906,173.15349884033202,167.96559997558595,173.86962356567383,168.38364990234376,HOLD (Bullish)
RCL,264.1300048828125,264.1300048828125,288.77250213623046,311.8108831787109,286.42100219726564,310.0151940917969,HOLD (Bearish)
REG,70.59750366210938,70.59750366210938,70.90900001525878,71.24092178344726,70.81737518310547,71.2223991394043,HOLD (Bearish)
REGN,686.75,686.75,618.2399963378906,591.4481994628907,623.7564971923828,593.9071997070313,HOLD (Bullish)
RF,25.350099563598633,25.350099563598633,24.29400005340576,25.56360004425049,24.324505043029784,25.53180202484131,HOLD (Bearish)
RJF,166.7100067138672,166.7100067138672,161.6,165.68299438476564,161.75100021362306,165.69564453125,HOLD (Bearish)
RL,340.82000732421875,340.82000732421875,326.4830032348633,319.14018005371094,327.6020034790039,319.708271484375,HOLD (Bullish)
RMD,252.63499450683594,252.63499450683594,257.57150039672854,267.59940032958986,256.71824951171874,267.267900390625,HOLD (Bearish)
ROK,393.1700134277344,393.1700134277344,363.031999206543,351.7890008544922,365.0860000610352,352.8792010498047,HOLD (Bullish)
ROL,58.48189926147461,58.48189926147461,57.002798080444336,56.90370613098145,57.13463859558105,56.95085990905762,HOLD (Bullish)
ROP,453.1390075683594,453.1390075683594,468.82350006103513,492.8953576660156,466.4939498901367,491.4929180908203,HOLD (Bearish)
ROST,162.41000366210938,162.41000366210938,159.0104995727539,153.67441131591798,159.28149948120117,153.91606658935547,HOLD (Bullish)
RSG,205.0,205.0,213.87899932861328,221.49413146972657,213.07749938964844,220.95711730957032,HOLD (Bearish)
RTX,179.0500030517578,179.0500030517578,173.44899978637696,165.81600006103517,174.55149993896484,166.23480010986327,HOLD (Bullish)
RVTY,94.08000183105469,94.08000183105469,94.06906929016114,89.95503021240235,94.17049942016601,90.17067184448243,HOLD (Bullish)
SBAC,202.13499450683594,202.13499450683594,195.96899795532227,194.98480010986327,196.35324783325194,195.04130004882813,HOLD (Bullish)
SBUX,88.1343002319336,88.1343002319336,84.15549964904785,83.78559982299805,84.41921463012696,83.80328582763671,HOLD (Bullish)
SCHW,97.94000244140625,97.94000244140625,94.46449928283691,94.03719955444336,94.64499931335449,94.07159957885742,HOLD (Bullish)
SHW,345.5862121582031,345.5862121582031,338.95549926757815,344.8342004394531,339.5983093261719,344.4853247070312,HOLD (Bearish)
SJM,109.79499816894531,109.79499816894531,104.46349906921387,106.47539962768555,104.77724914550781,106.4302995300293,HOLD (Bearish)
SLB,36.30500030517578,36.30500030517578,35.51350021362305,34.98240009307861,35.700250244140626,35.00850009918213,HOLD (Bullish)
SMCI,37.920101165771484,37.920101165771484,48.83849964141846,48.2215998840332,48.03750476837158,48.17800193786621,SELL (Death Cross)
SNA,343.3800048828125,343.3800048828125,341.3775009155273,338.0340002441406,341.91700134277346,338.46460021972655,HOLD (Bullish)
SNPS,400.8900146484375,400.8900146484375,437.10749969482424,467.16180114746095,435.35700073242185,463.33720153808594,HOLD (Bearish)
SO,91.62999725341797,91.62999725341797,94.68050155639648,94.12600067138672,94.27600135803223,94.12540054321289,HOLD (Bullish)
SOLS,46.13999938964844,46.13999938964844,,,,,HOLD (Insufficient Data)
SOLV,73.7699966430664,73.7699966430664,70.81400032043457,71.97780014038086,70.9245002746582,72.0252000427246,HOLD (Bearish)
SPG,184.5,184.5,178.97000045776366,180.36754699707032,179.2770004272461,180.5027133178711,HOLD (Bearish)
SPGI,496.875,496.875,487.74300079345704,500.16859924316407,488.44275054931643,499.32129943847656,HOLD (Bearish)
SRE,92.66000366210938,92.66000366210938,92.45500030517579,88.61402114868164,92.47350044250489,88.83441009521485,HOLD (Bullish)
STE,266.7099914550781,266.7099914550781,244.70900039672853,244.8340005493164,246.2065002441406,245.3316000366211,BUY (Golden Cross)
STLD,159.3800048828125,159.3800048828125,152.63550033569337,143.9402606201172,153.3020004272461,144.54539184570314,HOLD (Bullish)
STT,122.0199966430664,122.0199966430664,116.1205005645752,114.450634765625,116.38600044250488,114.64739883422851,HOLD (Bullish)
STX,281.2699890136719,281.2699890136719,247.5014991760254,228.67543060302734,250.59599838256835,230.78551086425782,HOLD (Bullish)
STZ,130.66000366210938,130.66000366210938,133.94906120300294,136.37995834350585,133.59164161682128,136.08617416381836,HOLD (Bearish)
SW,35.79999923706055,35.79999923706055,39.35300006866455,41.86479995727539,39.055000114440915,41.64179992675781,HOLD (Bearish)
SWK,68.0,68.0,68.87000045776367,72.26299957275391,68.88400039672851,72.16599960327149,HOLD (Bearish)
SWKS,69.6500015258789,69.6500015258789,74.61100006103516,75.42759994506837,74.38250007629395,75.34940002441407,HOLD (Bearish)
SYF,75.23999786376953,75.23999786376953,73.26648063659668,73.3011930847168,73.42728004455566,73.30237228393554,BUY (Golden Cross)
SYK,368.92999267578125,368.92999267578125,369.45300140380857,373.11552734375,369.41200103759763,372.7405755615234,HOLD (Bearish)
SYY,75.48500061035156,75.48500061035156,76.32750015258789,78.98642318725587,76.09725036621094,78.88583389282226,HOLD (Bearish)
T,25.615800857543945,25.615800857543945,25.249000072479248,26.81692768096924,25.226290130615233,26.754629974365233,HOLD (Bearish)
TAP,46.7400016784668,46.7400016784668,45.47000007629394,46.31181884765625,45.48850021362305,46.259800033569334,HOLD (Bearish)
TDG,1305.4949951171875,1305.4949951171875,1301.2565063476563,1294.2069995117188,1304.6457580566407,1294.7472998046876,HOLD (Bullish)
TDY,521.5900268554688,521.5900268554688,532.8895050048828,553.0855981445312,530.7180053710938,552.6245983886719,HOLD (Bearish)
TECH,60.9900016784668,60.9900016784668,61.65349979400635,57.80039985656738,61.72399978637695,57.95339988708496,HOLD (Bullish)
TEL,248.41000366210938,248.41000366210938,237.33199920654297,224.4559994506836,238.6179992675781,225.304599609375,HOLD (Bullish)
TER,178.5,178.5,161.4275001525879,142.17199478149413,163.30100021362304,143.35179962158202,HOLD (Bullish)
TFC,45.7400016784668,45.7400016784668,43.93300018310547,44.746200256347656,44.05700035095215,44.73280029296875,HOLD (Bearish)
TGT,91.66999816894531,91.66999816894531,92.5495002746582,90.62619949340821,92.5875,90.61259948730469,HOLD (Bullish)
TJX,147.77999877929688,147.77999877929688,143.25000076293946,141.94860076904297,143.38100051879883,142.11480072021484,HOLD (Bullish)
TKO,180.35000610351562,180.35000610351562,186.22100143432618,192.6467138671875,185.6780014038086,192.5355255126953,HOLD (Bearish)
TMO,587.034423828125,587.034423828125,560.9664978027344,521.9989282226562,563.9247192382812,524.0573083496093,HOLD (Bullish)
TMUS,214.08999633789062,214.08999633789062,216.16749877929686,228.68519958496094,215.53949890136718,227.91379943847656,HOLD (Bearish)
TPL,1006.9249877929688,1006.9249877929688,941.6915008544922,931.6836010742187,945.7002502441406,933.6325012207031,HOLD (Bullish)
TPR,104.26000213623047,104.26000213623047,111.16350021362305,111.02890533447265,110.54200019836426,111.03340026855469,SELL (Death Cross)
TRGP,171.26499938964844,171.26499938964844,156.14198684692383,160.46824401855469,157.20208511352538,160.64413177490235,HOLD (Bearish)
TRMB,82.37000274658203,82.37000274658203,79.44050025939941,79.97620010375977,79.62300033569336,80.05160018920898,HOLD (Bearish)
TROW,104.56999969482422,104.56999969482422,103.23649978637695,104.11520431518555,103.17949981689453,104.12454177856445,HOLD (Bearish)
TRV,286.80999755859375,286.80999755859375,271.3590026855469,274.5862768554687,272.227001953125,274.81371826171875,HOLD (Bearish)
TSCO,55.849998474121094,55.849998474121094,54.8125,56.45459991455078,54.814499855041504,56.36879989624023,HOLD (Bearish)
TSLA,431.739990234375,431.739990234375,446.05150146484374,425.3979998779297,445.8810012817383,427.3509997558594,HOLD (Bullish)
TSN,54.494998931884766,54.494998931884766,52.292000198364256,53.48319984436035,52.37625007629394,53.446099853515626,HOLD (Bearish)
TT,421.92498779296875,421.92498779296875,428.24100189208986,419.2744201660156,428.2147506713867,419.5652996826172,HOLD (Bullish)
TTD,43.849998474121094,43.849998474121094,49.61624984741211,49.37169998168945,49.25374984741211,49.1732999420166,HOLD (Bullish)
TTWO,239.86000061035156,239.86000061035156,252.9289993286133,251.85119873046875,251.84699935913085,251.87119873046876,SELL (Death Cross)
TXN,163.3625030517578,163.3625030517578,166.3386604309082,174.62547637939454,165.82081451416016,174.0125598144531,HOLD (Bearish)
TXT,82.7699966430664,82.7699966430664,81.09149971008301,82.40263214111329,81.1044994354248,82.46441970825195,HOLD (Bearish)
TYL,468.7799987792969,468.7799987792969,489.1814987182617,512.2475958251953,487.51799926757815,510.54659545898437,HOLD (Bearish)
UAL,99.5999984741211,99.5999984741211,96.94500007629395,99.95900009155274,96.72249984741211,99.82779998779297,HOLD (Bearish)
UBER,93.62999725341797,93.62999725341797,94.32549934387207,95.46279968261719,94.28099937438965,95.47659957885742,HOLD (Bearish)
UDR,35.07500076293945,35.07500076293945,35.12250022888183,36.19611145019531,35.06525020599365,36.13891914367676,HOLD (Bearish)
UHS,230.02000427246094,230.02000427246094,216.37050018310546,203.9077993774414,217.62150039672852,204.87679931640625,HOLD (Bullish)
ULTA,537.3499755859375,537.3499755859375,521.0279937744141,530.8495959472656,520.9709930419922,530.9751953125,HOLD (Bearish)
UNH,340.17999267578125,340.17999267578125,347.56300048828126,346.1279345703125,346.5145004272461,346.81253845214843,SELL (Death Cross)
UNP,225.29690551757812,225.29690551757812,221.40899963378905,224.09979949951173,221.38784484863282,224.17053771972655,HOLD (Bearish)
UPS,96.18000030517578,96.18000030517578,91.23949966430663,87.2302001953125,91.8439998626709,87.44800018310546,HOLD (Bullish)
URI,862.7849731445312,862.7849731445312,908.1059997558593,938.7266003417968,900.245248413086,937.077099609375,HOLD (Bearish)
USB,47.82500076293945,47.82500076293945,47.01499996185303,47.71938980102539,47.08374996185303,47.715394287109376,HOLD (Bearish)
V,341.8599853515625,341.8599853515625,341.95299835205077,343.02339721679687,341.7614974975586,342.8431970214844,HOLD (Bearish)
VICI,30.53499984741211,30.53499984741211,30.569500160217284,31.557316284179688,30.531750106811522,31.509237060546877,HOLD (Bearish)
VLO,178.88499450683594,178.88499450683594,168.77900009155275,165.4202001953125,169.67425003051758,165.89029998779296,HOLD (Bullish)
VLTO,98.28500366210938,98.28500366210938,101.23050079345703,103.82771759033203,101.0512508392334,103.69421752929688,HOLD (Bearish)
VMC,295.3550109863281,295.3550109863281,292.1865463256836,295.82908447265623,291.8251434326172,295.9850103759766,HOLD (Bearish)
VRSK,212.14999389648438,212.14999389648438,225.01299896240235,241.09928405761718,223.4214988708496,239.9826983642578,HOLD (Bearish)
VRSN,251.41000366210938,251.41000366210938,248.78900070190429,266.72360137939455,248.072501373291,266.2696017456055,HOLD (Bearish)
VRTX,433.57000732421875,433.57000732421875,419.75950317382814,405.7189990234375,421.04300384521486,406.45799926757815,HOLD (Bullish)
VST,180.15499877929688,180.15499877929688,193.0265007019043,198.8561227416992,191.49175033569335,198.70086883544923,HOLD (Bearish)
VTR,76.70999908447266,76.70999908447266,72.41650009155273,69.89302734375,72.80750007629395,70.0875846862793,HOLD (Bullish)
VTRS,11.015000343322754,11.015000343322754,10.354500007629394,10.12179998397827,10.406250047683717,10.13109998703003,HOLD (Bullish)
VZ,40.824100494384766,40.824100494384766,39.787499809265135,41.31272430419922,39.80970478057861,41.26918983459473,HOLD (Bearish)
WAB,210.10000610351562,210.10000610351562,200.89500045776367,196.67339904785158,201.54350051879882,197.0503991699219,HOLD (Bullish)
WAT,388.5899963378906,388.5899963378906,354.11300201416014,326.59780151367187,356.92200164794923,328.56840148925784,HOLD (Bullish)
WBD,22.46500015258789,22.46500015258789,21.13600025177002,18.895800170898436,21.33675022125244,19.106700172424315,HOLD (Bullish)
WDAY,226.4499969482422,226.4499969482422,235.00999908447267,234.73519927978515,234.59449920654296,234.59559936523436,SELL (Death Cross)
WDC,165.85000610351562,165.85000610351562,140.6750015258789,121.73380020141602,142.94550170898438,123.33280029296876,HOLD (Bullish)
WEC,111.6449966430664,111.6449966430664,114.36200065612793,112.64240005493164,114.0802505493164,112.7375,HOLD (Bullish)
WELL,191.80999755859375,191.80999755859375,180.2644515991211,173.82996673583983,181.27146835327147,174.33059173583985,HOLD (Bullish)
WFC,86.40499877929688,86.40499877929688,85.51281623840332,83.02166793823243,85.5326759338379,83.14798934936523,HOLD (Bullish)
WM,203.57000732421875,203.57000732421875,206.95599975585938,213.7961264038086,206.45,213.39611907958985,HOLD (Bearish)
WMB,60.41999816894531,60.41999816894531,59.61349945068359,60.43253440856934,59.445499420166016,60.49606468200684,HOLD (Bearish)
WMT,103.24500274658203,103.24500274658203,104.28199996948243,103.25759994506836,103.99275016784668,103.33369995117188,HOLD (Bullish)
WRB,76.52999877929688,76.52999877929688,74.1150001525879,74.48221252441407,74.12200012207032,74.56898529052734,HOLD (Bearish)
WSM,192.69000244140625,192.69000244140625,192.42854995727538,194.65291564941407,192.59350051879883,194.6776416015625,HOLD (Bearish)
WST,273.3500061035156,273.3500061035156,280.1225021362305,267.58760040283204,280.6425018310547,268.0756005859375,HOLD (Bullish)
WTW,319.9100036621094,319.9100036621094,324.9139999389648,332.57960205078126,323.9384994506836,332.4515948486328,HOLD (Bearish)
WY,22.570100784301758,22.570100784301758,23.28549995422363,24.181200103759764,23.227505016326905,24.136202125549318,HOLD (Bearish)
WYNN,125.34500122070312,125.34500122070312,122.35200004577636,123.57779968261718,122.71575012207032,123.57429977416992,HOLD (Bearish)
XEL,80.41999816894531,80.41999816894531,80.87400093078614,78.05431472778321,80.80500068664551,78.22537170410156,HOLD (Bullish)
XOM,118.37000274658203,118.37000274658203,114.6875,113.62320007324219,115.02550010681152,113.75240005493164,HOLD (Bullish)
XYL,151.39999389648438,151.39999389648438,148.97799987792968,145.79260040283202,149.25949935913087,146.02660034179686,HOLD (Bullish)
XYZ,65.43000030517578,65.43000030517578,74.52200050354004,75.33720001220703,73.98700065612793,75.13,HOLD (Bearish)
YUM,149.60000610351562,149.60000610351562,145.07649993896484,146.63140014648437,145.33100051879882,146.73240020751953,HOLD (Bearish)
ZBH,89.17500305175781,89.17500305175781,98.28800010681152,99.37421081542969,97.77775039672852,99.062041015625,HOLD (Bearish)
ZBRA,258.2699890136719,258.2699890136719,281.5319999694824,295.9636013793945,279.7779991149902,295.0148013305664,HOLD (Bearish)
ZTS,122.33999633789062,122.33999633789062,137.40344886779786,142.39653823852538,136.4391056060791,141.80531631469728,HOLD (Bearish)
