Ticker,Last Close Price,Current Price,Signal,Method,RSI
A,151.1699981689453,151.1699981689453,HOLD (RSI=69.34),rsi,69.34304002044665
AAPL,274.0299987792969,274.0299987792969,SELL (RSI=78.51 > 70.0),rsi,78.5051767087031
ABBV,238.22000122070312,238.22000122070312,HOLD (RSI=59.68),rsi,59.676055575848586
ABNB,122.0199966430664,122.0199966430664,HOLD (RSI=48.10),rsi,48.099602665252554
ABT,128.89999389648438,128.89999389648438,HOLD (RSI=53.26),rsi,53.25807536314032
ACGL,92.83760070800781,92.83760070800781,SELL (RSI=73.25 > 70.0),rsi,73.25376151114504
ACN,246.24000549316406,246.24000549316406,HOLD (RSI=59.43),rsi,59.42609849328374
ADBE,337.31500244140625,337.31500244140625,HOLD (RSI=54.63),rsi,54.62607620019481
ADI,237.5500030517578,237.5500030517578,HOLD (RSI=47.14),rsi,47.1432608372622
ADM,58.82500076293945,58.82500076293945,HOLD (RSI=36.93),rsi,36.92652550609923
ADP,254.44000244140625,254.44000244140625,BUY (RSI=21.20 < 30.0),rsi,21.204658406102425
ADSK,299.19000244140625,299.19000244140625,HOLD (RSI=49.48),rsi,49.47682775762761
AEE,104.6050033569336,104.6050033569336,HOLD (RSI=47.94),rsi,47.94009339171527
AEP,122.70339965820312,122.70339965820312,HOLD (RSI=66.69),rsi,66.68576337960839
AES,13.835000038146973,13.835000038146973,HOLD (RSI=38.19),rsi,38.18870339901846
AFL,114.48999786376953,114.48999786376953,SELL (RSI=73.75 > 70.0),rsi,73.74539854957428
AIG,78.34500122070312,78.34500122070312,HOLD (RSI=54.54),rsi,54.54235399660509
AIZ,228.10000610351562,228.10000610351562,SELL (RSI=78.38 > 70.0),rsi,78.38065724901003
AJG,256.31500244140625,256.31500244140625,HOLD (RSI=33.46),rsi,33.46273068538778
AKAM,90.27999877929688,90.27999877929688,SELL (RSI=75.99 > 70.0),rsi,75.99040784078646
ALB,117.30500030517578,117.30500030517578,HOLD (RSI=64.36),rsi,64.3635392342074
ALGN,141.15499877929688,141.15499877929688,HOLD (RSI=63.44),rsi,63.43665561109114
ALL,210.23309326171875,210.23309326171875,SELL (RSI=74.38 > 70.0),rsi,74.37536580733436
ALLE,166.77999877929688,166.77999877929688,HOLD (RSI=33.63),rsi,33.62859739472887
AMAT,223.2899932861328,223.2899932861328,HOLD (RSI=47.65),rsi,47.65185632959889
AMCR,8.710000038146973,8.710000038146973,HOLD (RSI=64.62),rsi,64.61539251565372
AMD,255.49000549316406,255.49000549316406,HOLD (RSI=56.91),rsi,56.9144411697662
AME,195.65609741210938,195.65609741210938,HOLD (RSI=62.62),rsi,62.615943670538435
AMGN,342.8266906738281,342.8266906738281,SELL (RSI=76.37 > 70.0),rsi,76.3733677162424
AMP,465.0400085449219,465.0400085449219,HOLD (RSI=49.42),rsi,49.42130406560307
AMT,182.99000549316406,182.99000549316406,HOLD (RSI=38.33),rsi,38.33242567221159
AMZN,239.83999633789062,239.83999633789062,HOLD (RSI=63.57),rsi,63.5711920951435
ANET,133.19500732421875,133.19500732421875,HOLD (RSI=39.03),rsi,39.0310690359459
AON,352.4595947265625,352.4595947265625,HOLD (RSI=57.37),rsi,57.36566163396195
AOS,66.62000274658203,66.62000274658203,HOLD (RSI=41.73),rsi,41.732458982124214
APA,25.135099411010742,25.135099411010742,HOLD (RSI=60.65),rsi,60.6509677040926
APD,263.0400085449219,263.0400085449219,HOLD (RSI=58.77),rsi,58.76912571198104
APH,136.06500244140625,136.06500244140625,HOLD (RSI=58.77),rsi,58.76901931151429
APO,132.60000610351562,132.60000610351562,HOLD (RSI=64.52),rsi,64.51853057484567
APP,560.9600219726562,560.9600219726562,HOLD (RSI=43.72),rsi,43.71839875117626
APTV,81.95999908447266,81.95999908447266,HOLD (RSI=46.80),rsi,46.80317750191931
ARE,52.529998779296875,52.529998779296875,BUY (RSI=22.25 < 30.0),rsi,22.249389368767538
ATO,179.10000610351562,179.10000610351562,HOLD (RSI=55.72),rsi,55.72327736113902
AVB,178.0500030517578,178.0500030517578,HOLD (RSI=40.29),rsi,40.290818288723386
AVGO,334.92999267578125,334.92999267578125,HOLD (RSI=43.55),rsi,43.55466643251456
AVY,175.25010681152344,175.25010681152344,HOLD (RSI=67.06),rsi,67.0598991542082
AWK,129.6999969482422,129.6999969482422,HOLD (RSI=31.36),rsi,31.35519123841901
AXON,571.4199829101562,571.4199829101562,HOLD (RSI=38.19),rsi,38.185804119494996
AXP,368.7049865722656,368.7049865722656,SELL (RSI=82.20 > 70.0),rsi,82.20416487901844
AZO,3863.010009765625,3863.010009765625,HOLD (RSI=41.80),rsi,41.803557154828546
BA,193.6300048828125,193.6300048828125,HOLD (RSI=32.84),rsi,32.83835004295119
BAC,53.60499954223633,53.60499954223633,HOLD (RSI=66.95),rsi,66.9523226524611
BALL,47.81610107421875,47.81610107421875,HOLD (RSI=49.08),rsi,49.08143013987225
BAX,18.850000381469727,18.850000381469727,BUY (RSI=22.89 < 30.0),rsi,22.89473842715985
BBY,76.54730224609375,76.54730224609375,HOLD (RSI=45.03),rsi,45.03134479579751
BDX,195.25,195.25,HOLD (RSI=61.06),rsi,61.064306548326925
BEN,22.665000915527344,22.665000915527344,HOLD (RSI=55.10),rsi,55.10389461362107
BF-B,27.950000762939453,27.950000762939453,HOLD (RSI=48.00),rsi,48.004836870923675
BG,97.625,97.625,HOLD (RSI=56.51),rsi,56.50694887888651
BIIB,166.5749969482422,166.5749969482422,SELL (RSI=78.28 > 70.0),rsi,78.27652976411441
BK,111.60030364990234,111.60030364990234,HOLD (RSI=66.78),rsi,66.78488151658769
BKNG,5158.85009765625,5158.85009765625,HOLD (RSI=57.68),rsi,57.681152472494546
BKR,48.349998474121094,48.349998474121094,HOLD (RSI=61.85),rsi,61.85490201234473
BLDR,106.0302963256836,106.0302963256836,BUY (RSI=28.79 < 30.0),rsi,28.78656251476677
BLK,1080.7642822265625,1080.7642822265625,BUY (RSI=26.19 < 30.0),rsi,26.19108724887333
BMY,49.70009994506836,49.70009994506836,SELL (RSI=78.09 > 70.0),rsi,78.09457166586557
BR,224.88999938964844,224.88999938964844,HOLD (RSI=48.02),rsi,48.015969929395034
BRK-B,507.75,507.75,HOLD (RSI=63.46),rsi,63.46319880532675
BRO,81.23719787597656,81.23719787597656,HOLD (RSI=36.76),rsi,36.760388823103405
BSX,105.05000305175781,105.05000305175781,HOLD (RSI=66.13),rsi,66.13405385343705
BX,139.93499755859375,139.93499755859375,BUY (RSI=27.32 < 30.0),rsi,27.316349535688303
BXP,71.48480224609375,71.48480224609375,HOLD (RSI=53.18),rsi,53.17791242570003
C,102.50499725341797,102.50499725341797,HOLD (RSI=65.16),rsi,65.15704638772948
CAG,17.575000762939453,17.575000762939453,HOLD (RSI=46.67),rsi,46.66634525436025
CAH,204.3000030517578,204.3000030517578,SELL (RSI=94.66 > 70.0),rsi,94.66129390674111
CARR,56.279998779296875,56.279998779296875,HOLD (RSI=49.36),rsi,49.357502159640305
CAT,553.6199951171875,553.6199951171875,HOLD (RSI=53.30),rsi,53.29767644775833
CB,296.25,296.25,SELL (RSI=77.89 > 70.0),rsi,77.88612404442785
CBOE,259.99249267578125,259.99249267578125,SELL (RSI=73.41 > 70.0),rsi,73.40573379805694
CBRE,154.89500427246094,154.89500427246094,HOLD (RSI=49.19),rsi,49.19392777352945
CCI,92.17109680175781,92.17109680175781,HOLD (RSI=38.07),rsi,38.07379792374969
CCL,26.700000762939453,26.700000762939453,HOLD (RSI=42.72),rsi,42.719384821612174
CDNS,316.5299987792969,316.5299987792969,HOLD (RSI=45.42),rsi,45.42219915548226
CDW,148.72000122070312,148.72000122070312,HOLD (RSI=47.71),rsi,47.711532423478594
CEG,340.5773010253906,340.5773010253906,HOLD (RSI=35.82),rsi,35.822742095272744
CF,85.17500305175781,85.17500305175781,HOLD (RSI=55.71),rsi,55.708619325808904
CFG,52.39500045776367,52.39500045776367,SELL (RSI=72.62 > 70.0),rsi,72.62393167046335
CHD,85.61740112304688,85.61740112304688,HOLD (RSI=46.00),rsi,46.00390518789422
CHRW,152.46629333496094,152.46629333496094,SELL (RSI=75.19 > 70.0),rsi,75.19452918122849
CHTR,209.08749389648438,209.08749389648438,BUY (RSI=22.54 < 30.0),rsi,22.53822827232416
CI,272.875,272.875,HOLD (RSI=44.05),rsi,44.05100015086676
CINF,167.625,167.625,SELL (RSI=75.32 > 70.0),rsi,75.3237053570791
CL,78.94000244140625,78.94000244140625,HOLD (RSI=54.02),rsi,54.01631037677112
CLX,105.47090148925781,105.47090148925781,BUY (RSI=29.19 < 30.0),rsi,29.19356518571834
CMCSA,28.170000076293945,28.170000076293945,HOLD (RSI=43.13),rsi,43.12736374123173
CME,283.9150085449219,283.9150085449219,SELL (RSI=73.56 > 70.0),rsi,73.56083534600617
CMG,31.524999618530273,31.524999618530273,BUY (RSI=19.33 < 30.0),rsi,19.32874129275602
CMI,469.0799865722656,469.0799865722656,HOLD (RSI=64.07),rsi,64.0678849764407
CMS,74.55500030517578,74.55500030517578,HOLD (RSI=51.58),rsi,51.57532078435699
CNC,36.20500183105469,36.20500183105469,HOLD (RSI=51.40),rsi,51.398175212937765
CNP,39.5,39.5,HOLD (RSI=48.19),rsi,48.1876537265262
COF,220.9149932861328,220.9149932861328,HOLD (RSI=69.65),rsi,69.64502359096264
COIN,291.57000732421875,291.57000732421875,HOLD (RSI=42.20),rsi,42.19720719627022
COO,72.0426025390625,72.0426025390625,HOLD (RSI=51.63),rsi,51.62850784647498
COP,90.46499633789062,90.46499633789062,HOLD (RSI=57.64),rsi,57.64350518589091
COR,364.8157958984375,364.8157958984375,SELL (RSI=84.52 > 70.0),rsi,84.52325552802183
COST,921.7811889648438,921.7811889648438,HOLD (RSI=49.03),rsi,49.0336045548056
CPAY,285.95001220703125,285.95001220703125,HOLD (RSI=54.42),rsi,54.4208494085204
CPB,31.5,31.5,HOLD (RSI=56.03),rsi,56.03054204233674
CPRT,41.665000915527344,41.665000915527344,HOLD (RSI=38.58),rsi,38.57891659653952
CPT,102.60240173339844,102.60240173339844,HOLD (RSI=51.64),rsi,51.64082504621211
CRL,172.5500030517578,172.5500030517578,HOLD (RSI=48.29),rsi,48.294974616383925
CRM,243.49000549316406,243.49000549316406,HOLD (RSI=48.39),rsi,48.38502427249759
CRWD,533.8049926757812,533.8049926757812,HOLD (RSI=65.87),rsi,65.87263229017196
CSCO,77.23999786376953,77.23999786376953,SELL (RSI=71.21 > 70.0),rsi,71.21291492529667
CSGP,68.63999938964844,68.63999938964844,HOLD (RSI=36.63),rsi,36.62763584879433
CSX,35.179901123046875,35.179901123046875,HOLD (RSI=43.66),rsi,43.66127900902918
CTAS,188.99000549316406,188.99000549316406,HOLD (RSI=55.95),rsi,55.94962839332269
CTRA,26.079999923706055,26.079999923706055,SELL (RSI=75.89 > 70.0),rsi,75.88755117530381
CTSH,74.19100189208984,74.19100189208984,SELL (RSI=77.92 > 70.0),rsi,77.91795765067695
CTVA,66.61000061035156,66.61000061035156,SELL (RSI=74.08 > 70.0),rsi,74.07726845266629
CVS,78.8499984741211,78.8499984741211,HOLD (RSI=45.05),rsi,45.045418873329076
CVX,155.75999450683594,155.75999450683594,HOLD (RSI=56.89),rsi,56.885398658927095
D,61.21500015258789,61.21500015258789,HOLD (RSI=52.92),rsi,52.91524308644652
DAL,60.27000045776367,60.27000045776367,HOLD (RSI=49.77),rsi,49.76626915253484
DASH,199.77499389648438,199.77499389648438,BUY (RSI=23.39 < 30.0),rsi,23.39205166177078
DAY,68.875,68.875,HOLD (RSI=64.12),rsi,64.12222632059172
DD,40.869998931884766,40.869998931884766,SELL (RSI=86.71 > 70.0),rsi,86.71412031369267
DDOG,188.6199951171875,188.6199951171875,SELL (RSI=72.57 > 70.0),rsi,72.57112324841614
DE,477.2099914550781,477.2099914550781,HOLD (RSI=61.00),rsi,60.99835208359979
DECK,83.8333969116211,83.8333969116211,HOLD (RSI=35.41),rsi,35.40579628965273
DELL,136.9425048828125,136.9425048828125,HOLD (RSI=37.38),rsi,37.38120556563985
DG,104.33999633789062,104.33999633789062,HOLD (RSI=50.85),rsi,50.854381957892635
DGX,189.02999877929688,189.02999877929688,HOLD (RSI=52.37),rsi,52.36565174412793
DHI,145.07240295410156,145.07240295410156,HOLD (RSI=36.77),rsi,36.774133156679845
DHR,225.51930236816406,225.51930236816406,HOLD (RSI=63.55),rsi,63.548156149161976
DIS,105.85549926757812,105.85549926757812,HOLD (RSI=43.56),rsi,43.56379348169052
DLR,161.14999389648438,161.14999389648438,HOLD (RSI=35.94),rsi,35.93851596142926
DLTR,102.16000366210938,102.16000366210938,HOLD (RSI=62.04),rsi,62.03732780757192
DOC,17.62350082397461,17.62350082397461,HOLD (RSI=42.65),rsi,42.649879970634125
DOV,183.88999938964844,183.88999938964844,HOLD (RSI=68.90),rsi,68.90165615364802
DOW,22.635000228881836,22.635000228881836,HOLD (RSI=53.87),rsi,53.870460230336136
DPZ,409.6700134277344,409.6700134277344,HOLD (RSI=45.56),rsi,45.56097800613849
DRI,176.95860290527344,176.95860290527344,HOLD (RSI=35.08),rsi,35.084150103479246
DTE,139.11000061035156,139.11000061035156,HOLD (RSI=44.35),rsi,44.349885685386276
DUK,123.87000274658203,123.87000274658203,HOLD (RSI=36.45),rsi,36.454339562542295
DVA,123.50499725341797,123.50499725341797,HOLD (RSI=47.02),rsi,47.02471871408884
DVN,35.55500030517578,35.55500030517578,SELL (RSI=72.02 > 70.0),rsi,72.0174956623014
DXCM,60.084999084472656,60.084999084472656,HOLD (RSI=40.47),rsi,40.467092605619044
EA,201.8300018310547,201.8300018310547,HOLD (RSI=64.12),rsi,64.12216407935773
EBAY,86.66999816894531,86.66999816894531,HOLD (RSI=44.28),rsi,44.283901631297795
ECL,262.8299865722656,262.8299865722656,HOLD (RSI=43.80),rsi,43.80269865678969
ED,100.45230102539062,100.45230102539062,HOLD (RSI=48.21),rsi,48.2149825671815
EFX,209.32000732421875,209.32000732421875,HOLD (RSI=33.10),rsi,33.10019201852516
EG,329.3305969238281,329.3305969238281,HOLD (RSI=44.13),rsi,44.12637928974048
EIX,58.77000045776367,58.77000045776367,HOLD (RSI=58.45),rsi,58.45011977142009
EL,91.5199966430664,91.5199966430664,HOLD (RSI=42.00),rsi,41.9951396736572
ELV,329.239990234375,329.239990234375,HOLD (RSI=40.58),rsi,40.578984151618876
EME,622.6264038085938,622.6264038085938,HOLD (RSI=42.69),rsi,42.69160739321628
EMR,129.55999755859375,129.55999755859375,HOLD (RSI=51.00),rsi,50.997911406357595
EOG,110.25,110.25,HOLD (RSI=64.48),rsi,64.48129422771011
EPAM,181.0,181.0,SELL (RSI=81.27 > 70.0),rsi,81.2701387531036
EQIX,797.5089111328125,797.5089111328125,HOLD (RSI=46.10),rsi,46.10091542829769
EQR,59.61000061035156,59.61000061035156,HOLD (RSI=43.58),rsi,43.575800451124934
EQT,61.06999969482422,61.06999969482422,SELL (RSI=72.44 > 70.0),rsi,72.4384625309761
ERIE,288.489990234375,288.489990234375,HOLD (RSI=40.25),rsi,40.25445341694661
ES,73.76499938964844,73.76499938964844,HOLD (RSI=60.51),rsi,60.50678747510192
ESS,254.55999755859375,254.55999755859375,HOLD (RSI=47.28),rsi,47.27987657523585
ETN,357.7200012207031,357.7200012207031,HOLD (RSI=43.04),rsi,43.04398854848481
ETR,95.05999755859375,95.05999755859375,HOLD (RSI=46.45),rsi,46.4549559169152
EVRG,76.75499725341797,76.75499725341797,HOLD (RSI=46.68),rsi,46.675577277533755
EW,86.91500091552734,86.91500091552734,SELL (RSI=83.60 > 70.0),rsi,83.60422918155402
EXC,46.20000076293945,46.20000076293945,HOLD (RSI=44.38),rsi,44.37884235371611
EXE,119.12000274658203,119.12000274658203,SELL (RSI=79.66 > 70.0),rsi,79.6590733491153
EXPD,138.7949981689453,138.7949981689453,SELL (RSI=73.60 > 70.0),rsi,73.59594491767058
EXPE,271.31781005859375,271.31781005859375,SELL (RSI=74.66 > 70.0),rsi,74.6591172977398
EXR,132.1999969482422,132.1999969482422,BUY (RSI=23.67 < 30.0),rsi,23.670180926412385
F,13.4350004196167,13.4350004196167,HOLD (RSI=68.95),rsi,68.95148700721273
FANG,146.50759887695312,146.50759887695312,HOLD (RSI=59.17),rsi,59.16735345321024
FAST,40.994998931884766,40.994998931884766,HOLD (RSI=45.10),rsi,45.10463602083533
FCX,40.98500061035156,40.98500061035156,HOLD (RSI=47.45),rsi,47.44551551569287
FDS,278.7850036621094,278.7850036621094,HOLD (RSI=50.40),rsi,50.4030761719525
FDX,268.8114929199219,268.8114929199219,SELL (RSI=75.34 > 70.0),rsi,75.34217517177245
FE,46.13999938964844,46.13999938964844,HOLD (RSI=48.17),rsi,48.168644340754724
FFIV,238.59249877929688,238.59249877929688,BUY (RSI=21.06 < 30.0),rsi,21.059049293122683
FICO,1781.625,1781.625,HOLD (RSI=62.20),rsi,62.202558682990556
FIS,65.81999969482422,65.81999969482422,HOLD (RSI=50.03),rsi,50.03187421864401
FISV,65.88529968261719,65.88529968261719,BUY (RSI=18.63 < 30.0),rsi,18.634911126762432
FITB,43.19200134277344,43.19200134277344,SELL (RSI=71.24 > 70.0),rsi,71.2357606740596
FOX,59.380001068115234,59.380001068115234,SELL (RSI=79.07 > 70.0),rsi,79.06809300748446
FOXA,65.78500366210938,65.78500366210938,SELL (RSI=77.77 > 70.0),rsi,77.77429902619613
FRT,98.15499877929688,98.15499877929688,HOLD (RSI=50.33),rsi,50.328515217087926
FSLR,260.5127868652344,260.5127868652344,HOLD (RSI=57.95),rsi,57.94518786550448
FTNT,82.1050033569336,82.1050033569336,HOLD (RSI=47.63),rsi,47.63212858303338
FTV,52.44169998168945,52.44169998168945,SELL (RSI=71.68 > 70.0),rsi,71.68188572260019
GD,345.8299865722656,345.8299865722656,HOLD (RSI=61.49),rsi,61.49319684053541
GDDY,132.9281005859375,132.9281005859375,HOLD (RSI=59.21),rsi,59.205180721586665
GE,304.6499938964844,304.6499938964844,HOLD (RSI=53.53),rsi,53.527943937534076
GEHC,75.11499786376953,75.11499786376953,HOLD (RSI=55.13),rsi,55.13181429486848
GEN,27.03499984741211,27.03499984741211,HOLD (RSI=54.92),rsi,54.91732660299539
GEV,547.7999877929688,547.7999877929688,HOLD (RSI=37.22),rsi,37.22245174862012
GILD,126.94999694824219,126.94999694824219,HOLD (RSI=63.64),rsi,63.6390830732456
GIS,47.310001373291016,47.310001373291016,HOLD (RSI=48.15),rsi,48.15499343161685
GL,133.1300048828125,133.1300048828125,HOLD (RSI=48.86),rsi,48.85715386007119
GLW,84.38999938964844,84.38999938964844,HOLD (RSI=46.87),rsi,46.872482044816174
GM,72.21499633789062,72.21499633789062,SELL (RSI=81.05 > 70.0),rsi,81.0477826748928
GNRC,158.3000030517578,158.3000030517578,HOLD (RSI=30.82),rsi,30.824216517322327
GOOG,280.57000732421875,280.57000732421875,HOLD (RSI=66.13),rsi,66.1270589526917
GOOGL,279.8500061035156,279.8500061035156,HOLD (RSI=65.45),rsi,65.45118920460425
GPC,129.08230590820312,129.08230590820312,HOLD (RSI=41.78),rsi,41.77951956107917
GPN,76.7323989868164,76.7323989868164,HOLD (RSI=37.48),rsi,37.4806594550206
GRMN,197.89500427246094,197.89500427246094,BUY (RSI=14.60 < 30.0),rsi,14.597352177550178
GS,825.3300170898438,825.3300170898438,HOLD (RSI=67.94),rsi,67.93640931860986
GWW,952.1793212890625,952.1793212890625,HOLD (RSI=49.96),rsi,49.95649160130961
HAL,27.604999542236328,27.604999542236328,SELL (RSI=74.59 > 70.0),rsi,74.5856439577799
HAS,79.23999786376953,79.23999786376953,HOLD (RSI=69.39),rsi,69.39101760752376
HBAN,15.913700103759766,15.913700103759766,HOLD (RSI=59.26),rsi,59.25826203964947
HCA,474.3900146484375,474.3900146484375,SELL (RSI=73.28 > 70.0),rsi,73.28121113820154
HD,370.95770263671875,370.95770263671875,HOLD (RSI=35.83),rsi,35.832290507849876
HIG,133.4906005859375,133.4906005859375,SELL (RSI=77.11 > 70.0),rsi,77.1126765163236
HII,314.5,314.5,HOLD (RSI=65.31),rsi,65.30769503892606
HLT,274.2950134277344,274.2950134277344,HOLD (RSI=64.74),rsi,64.73940131491707
HOLX,74.5105972290039,74.5105972290039,SELL (RSI=93.50 > 70.0),rsi,93.49569526661521
HON,202.26539611816406,202.26539611816406,HOLD (RSI=61.40),rsi,61.39759863686701
HOOD,123.44999694824219,123.44999694824219,HOLD (RSI=46.26),rsi,46.263209073121594
HPE,23.25,23.25,HOLD (RSI=56.02),rsi,56.01926576518104
HPQ,25.25,25.25,HOLD (RSI=37.83),rsi,37.82770804272653
HRL,22.635000228881836,22.635000228881836,HOLD (RSI=40.09),rsi,40.08889428409346
HSIC,73.16000366210938,73.16000366210938,SELL (RSI=77.45 > 70.0),rsi,77.45433098191306
HST,17.719900131225586,17.719900131225586,HOLD (RSI=66.31),rsi,66.30990337378404
HSY,178.36000061035156,178.36000061035156,HOLD (RSI=42.25),rsi,42.248344909159194
HUBB,440.91400146484375,440.91400146484375,HOLD (RSI=54.55),rsi,54.55462595144718
HUM,241.72000122070312,241.72000122070312,HOLD (RSI=39.23),rsi,39.229730598598344
HWM,203.0399932861328,203.0399932861328,HOLD (RSI=60.71),rsi,60.7062926825656
IBKR,68.95999908447266,68.95999908447266,HOLD (RSI=50.77),rsi,50.76655526502991
IBM,310.9100036621094,310.9100036621094,HOLD (RSI=69.64),rsi,69.63917193556576
ICE,153.49159240722656,153.49159240722656,HOLD (RSI=50.21),rsi,50.21028853225237
IDXX,709.1749877929688,709.1749877929688,SELL (RSI=70.86 > 70.0),rsi,70.85740230225639
IEX,170.47000122070312,170.47000122070312,HOLD (RSI=58.91),rsi,58.90636272975635
IFF,66.36830139160156,66.36830139160156,HOLD (RSI=61.09),rsi,61.09086932543881
INCY,106.88500213623047,106.88500213623047,SELL (RSI=80.66 > 70.0),rsi,80.65778861147456
INTC,36.38999938964844,36.38999938964844,HOLD (RSI=48.70),rsi,48.7046609366411
INTU,655.2999877929688,655.2999877929688,HOLD (RSI=53.10),rsi,53.09543134513295
INVH,28.469999313354492,28.469999313354492,HOLD (RSI=50.17),rsi,50.168337951321504
IP,38.4556999206543,38.4556999206543,BUY (RSI=28.39 < 30.0),rsi,28.389220764334013
IPG,25.424999237060547,25.424999237060547,HOLD (RSI=42.64),rsi,42.63877448555326
IQV,226.11000061035156,226.11000061035156,SELL (RSI=71.49 > 70.0),rsi,71.48585052254407
IR,76.79000091552734,76.79000091552734,HOLD (RSI=52.54),rsi,52.53624061183638
IRM,92.55010223388672,92.55010223388672,BUY (RSI=29.84 < 30.0),rsi,29.841742964740646
ISRG,570.6599731445312,570.6599731445312,SELL (RSI=82.08 > 70.0),rsi,82.07885118951498
IT,233.6699981689453,233.6699981689453,HOLD (RSI=48.73),rsi,48.73449906565495
ITW,245.81219482421875,245.81219482421875,HOLD (RSI=48.82),rsi,48.81811372793078
IVZ,24.350000381469727,24.350000381469727,HOLD (RSI=65.78),rsi,65.78413232887365
J,154.6999969482422,154.6999969482422,HOLD (RSI=48.03),rsi,48.03103156533703
JBHT,168.02999877929688,168.02999877929688,HOLD (RSI=48.57),rsi,48.57101347333556
JBL,203.3249969482422,203.3249969482422,HOLD (RSI=46.46),rsi,46.46029397104744
JCI,121.00579833984375,121.00579833984375,HOLD (RSI=68.79),rsi,68.78910426185173
JKHY,167.6999969482422,167.6999969482422,SELL (RSI=70.15 > 70.0),rsi,70.15290869021543
JNJ,195.0399932861328,195.0399932861328,HOLD (RSI=55.33),rsi,55.33235806339255
JPM,314.0899963378906,314.0899963378906,HOLD (RSI=64.69),rsi,64.68918572980353
K,83.3499984741211,83.3499984741211,SELL (RSI=70.87 > 70.0),rsi,70.87398057820937
KDP,27.020000457763672,27.020000457763672,HOLD (RSI=46.31),rsi,46.30802496371915
KEY,17.890300750732422,17.890300750732422,HOLD (RSI=66.87),rsi,66.8722816304739
KEYS,181.62229919433594,181.62229919433594,HOLD (RSI=66.16),rsi,66.16443938108961
KHC,25.076200485229492,25.076200485229492,HOLD (RSI=49.50),rsi,49.50426940636059
KIM,20.625,20.625,HOLD (RSI=38.84),rsi,38.844852151478314
KKR,120.40149688720703,120.40149688720703,HOLD (RSI=55.59),rsi,55.588956216360515
KLAC,1156.0400390625,1156.0400390625,HOLD (RSI=56.16),rsi,56.1633223239738
KMB,105.30000305175781,105.30000305175781,HOLD (RSI=32.49),rsi,32.490277715931185
KMI,26.895200729370117,26.895200729370117,HOLD (RSI=49.89),rsi,49.89258382642998
KO,71.25499725341797,71.25499725341797,HOLD (RSI=63.68),rsi,63.680437884280764
KR,65.70999908447266,65.70999908447266,HOLD (RSI=38.97),rsi,38.970090883703044
KVUE,17.03499984741211,17.03499984741211,SELL (RSI=73.86 > 70.0),rsi,73.8585566112741
L,104.79000091552734,104.79000091552734,SELL (RSI=78.63 > 70.0),rsi,78.63325481737945
LDOS,191.7100067138672,191.7100067138672,HOLD (RSI=57.66),rsi,57.66484823724496
LEN,123.26000213623047,123.26000213623047,HOLD (RSI=50.75),rsi,50.75435022699275
LH,269.12750244140625,269.12750244140625,HOLD (RSI=42.72),rsi,42.718765856877056
LHX,295.3699951171875,295.3699951171875,HOLD (RSI=57.82),rsi,57.820431355908475
LII,487.5799865722656,487.5799865722656,HOLD (RSI=39.11),rsi,39.10724071430544
LIN,426.385009765625,426.385009765625,HOLD (RSI=37.63),rsi,37.634189519817525
LKQ,31.43000030517578,31.43000030517578,HOLD (RSI=58.29),rsi,58.29042942669119
LLY,1029.6400146484375,1029.6400146484375,SELL (RSI=83.48 > 70.0),rsi,83.47663758471438
LMT,458.3699951171875,458.3699951171875,HOLD (RSI=30.77),rsi,30.77176203947704
LNT,67.76000213623047,67.76000213623047,HOLD (RSI=54.50),rsi,54.49782552342868
LOW,233.8000030517578,233.8000030517578,HOLD (RSI=38.67),rsi,38.674089185285816
LRCX,153.64999389648438,153.64999389648438,HOLD (RSI=56.84),rsi,56.838022217749334
LULU,171.0699005126953,171.0699005126953,HOLD (RSI=54.60),rsi,54.60116675821084
LUV,33.05500030517578,33.05500030517578,HOLD (RSI=49.15),rsi,49.14824002696696
LVS,65.63999938964844,65.63999938964844,SELL (RSI=85.58 > 70.0),rsi,85.5841808416621
LW,58.834999084472656,58.834999084472656,HOLD (RSI=32.44),rsi,32.4372954856112
LYB,44.599998474121094,44.599998474121094,HOLD (RSI=46.52),rsi,46.51932788765474
LYV,137.42999267578125,137.42999267578125,HOLD (RSI=35.29),rsi,35.29047482976901
MA,557.4349975585938,557.4349975585938,HOLD (RSI=54.81),rsi,54.808108383163294
MAA,131.02999877929688,131.02999877929688,HOLD (RSI=49.16),rsi,49.15684204635149
MAR,290.3299865722656,290.3299865722656,SELL (RSI=73.15 > 70.0),rsi,73.14688977284528
MAS,62.459999084472656,62.459999084472656,HOLD (RSI=32.25),rsi,32.25207597891246
MCD,308.1300048828125,308.1300048828125,HOLD (RSI=52.51),rsi,52.512581942140315
MCHP,55.099998474121094,55.099998474121094,BUY (RSI=28.73 < 30.0),rsi,28.72560905316952
MCK,846.9371948242188,846.9371948242188,SELL (RSI=70.98 > 70.0),rsi,70.97710123791418
MCO,491.831787109375,491.831787109375,HOLD (RSI=60.10),rsi,60.0995693011872
MDLZ,57.31909942626953,57.31909942626953,HOLD (RSI=34.26),rsi,34.26036571887647
MDT,96.30999755859375,96.30999755859375,HOLD (RSI=54.38),rsi,54.38232170565696
MET,79.30999755859375,79.30999755859375,HOLD (RSI=56.85),rsi,56.85224259852014
META,606.5360107421875,606.5360107421875,BUY (RSI=26.82 < 30.0),rsi,26.81936584927692
MGM,33.060001373291016,33.060001373291016,HOLD (RSI=58.30),rsi,58.303041148127576
MHK,109.44999694824219,109.44999694824219,BUY (RSI=24.83 < 30.0),rsi,24.827774684022742
MKC,66.36799621582031,66.36799621582031,HOLD (RSI=49.21),rsi,49.20699205140509
MLM,606.8709716796875,606.8709716796875,HOLD (RSI=39.91),rsi,39.9116445243138
MMC,183.65420532226562,183.65420532226562,HOLD (RSI=46.21),rsi,46.21148858502041
MMM,170.73399353027344,170.73399353027344,SELL (RSI=70.68 > 70.0),rsi,70.68240232742495
MNST,71.3550033569336,71.3550033569336,HOLD (RSI=53.49),rsi,53.491086119148626
MO,57.779998779296875,57.779998779296875,BUY (RSI=28.71 < 30.0),rsi,28.712211441484257
MOH,139.6699981689453,139.6699981689453,BUY (RSI=25.81 < 30.0),rsi,25.80901378122634
MOS,25.84000015258789,25.84000015258789,BUY (RSI=28.61 < 30.0),rsi,28.605480251779127
MPC,198.1699981689453,198.1699981689453,HOLD (RSI=63.29),rsi,63.292723474389334
MPWR,928.9500122070312,928.9500122070312,HOLD (RSI=40.27),rsi,40.266895713492715
MRK,93.74019622802734,93.74019622802734,SELL (RSI=72.61 > 70.0),rsi,72.60613345482173
MRNA,25.545000076293945,25.545000076293945,HOLD (RSI=45.74),rsi,45.738712829239404
MS,168.39500427246094,168.39500427246094,HOLD (RSI=63.93),rsi,63.925967368512026
MSCI,573.4650268554688,573.4650268554688,HOLD (RSI=62.16),rsi,62.162411169597526
MSFT,509.9549865722656,509.9549865722656,HOLD (RSI=49.09),rsi,49.09280395860064
MSI,386.15740966796875,386.15740966796875,BUY (RSI=24.30 < 30.0),rsi,24.30218908000758
MTB,187.97219848632812,187.97219848632812,HOLD (RSI=65.94),rsi,65.94349557462208
MTCH,32.63999938964844,32.63999938964844,HOLD (RSI=51.96),rsi,51.96211529150144
MTD,1452.3199462890625,1452.3199462890625,HOLD (RSI=66.78),rsi,66.78008342760181
MU,237.5500030517578,237.5500030517578,HOLD (RSI=63.38),rsi,63.378670174509594
NCLH,18.8799991607666,18.8799991607666,BUY (RSI=26.62 < 30.0),rsi,26.619560353054723
NDAQ,87.89080047607422,87.89080047607422,HOLD (RSI=49.86),rsi,49.85536668324788
NDSN,234.5,234.5,HOLD (RSI=53.40),rsi,53.40228441469661
NEE,84.69999694824219,84.69999694824219,HOLD (RSI=48.95),rsi,48.94893023477466
NEM,91.81999969482422,91.81999969482422,HOLD (RSI=44.33),rsi,44.329175513068975
NFLX,1151.7451171875,1151.7451171875,HOLD (RSI=45.51),rsi,45.51385826452094
NI,42.8650016784668,42.8650016784668,HOLD (RSI=49.50),rsi,49.495291623807276
NKE,65.23500061035156,65.23500061035156,HOLD (RSI=45.52),rsi,45.52052759697396
NOC,562.655029296875,562.655029296875,HOLD (RSI=32.13),rsi,32.1262277279105
NOW,851.0811767578125,851.0811767578125,HOLD (RSI=41.12),rsi,41.121802857860466
NRG,166.4600067138672,166.4600067138672,HOLD (RSI=47.90),rsi,47.90470156664108
NSC,285.2250061035156,285.2250061035156,HOLD (RSI=47.43),rsi,47.42869659219431
NTAP,110.44499969482422,110.44499969482422,HOLD (RSI=35.13),rsi,35.13200122820119
NTRS,130.28570556640625,130.28570556640625,HOLD (RSI=63.41),rsi,63.414452468221725
NUE,145.56500244140625,145.56500244140625,HOLD (RSI=61.92),rsi,61.923675349261615
NVDA,186.2449951171875,186.2449951171875,HOLD (RSI=52.64),rsi,52.64286849598767
NVR,7324.98486328125,7324.98486328125,HOLD (RSI=39.35),rsi,39.34717111805326
NWS,29.90999984741211,29.90999984741211,HOLD (RSI=52.73),rsi,52.731894251006025
NWSA,26.514999389648438,26.514999389648438,HOLD (RSI=55.03),rsi,55.02908744752812
NXPI,201.97999572753906,201.97999572753906,HOLD (RSI=39.03),rsi,39.03027568019666
O,57.165000915527344,57.165000915527344,HOLD (RSI=41.18),rsi,41.18043177010893
ODFL,136.8278045654297,136.8278045654297,HOLD (RSI=48.41),rsi,48.40704823123603
OKE,69.6969985961914,69.6969985961914,HOLD (RSI=61.72),rsi,61.71999494634568
OMC,74.06839752197266,74.06839752197266,HOLD (RSI=41.22),rsi,41.215550278226004
ON,48.90999984741211,48.90999984741211,HOLD (RSI=40.13),rsi,40.1264601276179
ORCL,219.3800048828125,219.3800048828125,BUY (RSI=15.02 < 30.0),rsi,15.020156163804373
ORLY,99.68000030517578,99.68000030517578,HOLD (RSI=46.83),rsi,46.83383660919281
OTIS,91.06289672851562,91.06289672851562,HOLD (RSI=51.27),rsi,51.27457677457678
OXY,42.220001220703125,42.220001220703125,HOLD (RSI=56.41),rsi,56.4130472641148
PANW,205.81500244140625,205.81500244140625,HOLD (RSI=50.28),rsi,50.2755015716366
PAYC,165.35499572753906,165.35499572753906,BUY (RSI=25.91 < 30.0),rsi,25.906884082233972
PAYX,111.45500183105469,111.45500183105469,BUY (RSI=17.05 < 30.0),rsi,17.053320309516863
PCAR,98.07499694824219,98.07499694824219,HOLD (RSI=57.28),rsi,57.27902333456463
PCG,16.78580093383789,16.78580093383789,HOLD (RSI=55.04),rsi,55.04200379962273
PEG,82.36000061035156,82.36000061035156,HOLD (RSI=44.21),rsi,44.21053570870866
PEP,145.21240234375,145.21240234375,HOLD (RSI=34.37),rsi,34.37377905411584
PFE,26.114999771118164,26.114999771118164,SELL (RSI=76.25 > 70.0),rsi,76.25069206452953
PFG,85.05999755859375,85.05999755859375,SELL (RSI=74.83 > 70.0),rsi,74.83244314314962
PG,147.89999389648438,147.89999389648438,HOLD (RSI=48.41),rsi,48.414865610398195
PGR,223.58560180664062,223.58560180664062,HOLD (RSI=51.73),rsi,51.72596642447132
PH,848.0189819335938,848.0189819335938,SELL (RSI=79.50 > 70.0),rsi,79.50235220965901
PHM,120.16110229492188,120.16110229492188,HOLD (RSI=38.84),rsi,38.83810171956843
PKG,201.52000427246094,201.52000427246094,HOLD (RSI=45.88),rsi,45.87651908485463
PLD,124.18000030517578,124.18000030517578,HOLD (RSI=57.64),rsi,57.64346943654533
PLTR,174.8199005126953,174.8199005126953,HOLD (RSI=48.62),rsi,48.61642920192579
PM,154.9199981689453,154.9199981689453,HOLD (RSI=48.72),rsi,48.724738184718
PNC,186.110107421875,186.110107421875,HOLD (RSI=65.41),rsi,65.40635235346143
PNR,108.2332992553711,108.2332992553711,HOLD (RSI=49.14),rsi,49.14330590848574
PNW,88.50499725341797,88.50499725341797,HOLD (RSI=35.66),rsi,35.659516267554736
PODD,335.02960205078125,335.02960205078125,HOLD (RSI=60.96),rsi,60.958791407848096
POOL,249.26499938964844,249.26499938964844,BUY (RSI=27.51 < 30.0),rsi,27.51271954458042
PPG,98.18000030517578,98.18000030517578,HOLD (RSI=45.99),rsi,45.99161391258532
PPL,36.5099983215332,36.5099983215332,HOLD (RSI=40.34),rsi,40.338125969799385
PRU,107.6449966430664,107.6449966430664,SELL (RSI=81.12 > 70.0),rsi,81.1177723253553
PSA,275.92999267578125,275.92999267578125,BUY (RSI=28.57 < 30.0),rsi,28.569432571073534
PSKY,15.497599601745605,15.497599601745605,HOLD (RSI=39.84),rsi,39.84120893871205
PSX,139.68499755859375,139.68499755859375,HOLD (RSI=66.55),rsi,66.55460670388021
PTC,177.46800231933594,177.46800231933594,BUY (RSI=23.70 < 30.0),rsi,23.701241532255153
PWR,436.6600036621094,436.6600036621094,HOLD (RSI=49.72),rsi,49.715838848157105
PYPL,66.26000213623047,66.26000213623047,HOLD (RSI=50.39),rsi,50.393404356218966
Q,87.35250091552734,87.35250091552734,HOLD (Insufficient Data),rsi,
QCOM,174.5500030517578,174.5500030517578,HOLD (RSI=57.19),rsi,57.193900509409204
RCL,262.0,262.0,HOLD (RSI=34.72),rsi,34.71745247612628
REG,70.17960357666016,70.17960357666016,HOLD (RSI=43.24),rsi,43.243617672746986
REGN,702.7849731445312,702.7849731445312,SELL (RSI=81.06 > 70.0),rsi,81.06242486778433
RF,25.270000457763672,25.270000457763672,SELL (RSI=73.65 > 70.0),rsi,73.64532424696128
RJF,163.63330078125,163.63330078125,HOLD (RSI=56.21),rsi,56.213955838179494
RL,332.7850036621094,332.7850036621094,HOLD (RSI=55.14),rsi,55.142936159443536
RMD,253.7899932861328,253.7899932861328,HOLD (RSI=32.72),rsi,32.72222263785527
ROK,384.2950134277344,384.2950134277344,SELL (RSI=70.48 > 70.0),rsi,70.47933631416741
ROL,57.560001373291016,57.560001373291016,HOLD (RSI=59.75),rsi,59.74652018673566
ROP,452.6400146484375,452.6400146484375,HOLD (RSI=30.67),rsi,30.665169810504068
ROST,162.3800048828125,162.3800048828125,HOLD (RSI=67.72),rsi,67.72123207956608
RSG,206.6999969482422,206.6999969482422,HOLD (RSI=34.98),rsi,34.98308776476293
RTX,175.7899932861328,175.7899932861328,SELL (RSI=72.34 > 70.0),rsi,72.34141095299321
RVTY,95.04570007324219,95.04570007324219,HOLD (RSI=51.83),rsi,51.825681767052515
SBAC,197.9636993408203,197.9636993408203,HOLD (RSI=50.77),rsi,50.76888949500844
SBUX,86.35880279541016,86.35880279541016,HOLD (RSI=54.02),rsi,54.024541262008185
SCHW,96.54969787597656,96.54969787597656,HOLD (RSI=62.25),rsi,62.245042484488614
SHW,344.0249938964844,344.0249938964844,HOLD (RSI=58.18),rsi,58.178742460491826
SJM,112.05329895019531,112.05329895019531,HOLD (RSI=68.09),rsi,68.08976614059968
SLB,36.81999969482422,36.81999969482422,HOLD (RSI=65.93),rsi,65.93139149296898
SMCI,35.560001373291016,35.560001373291016,BUY (RSI=25.68 < 30.0),rsi,25.67855523068259
SNA,340.585693359375,340.585693359375,HOLD (RSI=46.38),rsi,46.38271503798348
SNPS,402.0050048828125,402.0050048828125,HOLD (RSI=37.04),rsi,37.04068332512574
SO,92.0199966430664,92.0199966430664,BUY (RSI=27.25 < 30.0),rsi,27.253352277772848
SOLS,47.03499984741211,47.03499984741211,HOLD (Insufficient Data),rsi,
SOLV,75.44999694824219,75.44999694824219,HOLD (RSI=60.34),rsi,60.34037593783789
SPG,184.11000061035156,184.11000061035156,HOLD (RSI=61.73),rsi,61.73193476364159
SPGI,504.2760925292969,504.2760925292969,HOLD (RSI=63.04),rsi,63.037898102934186
SRE,91.43000030517578,91.43000030517578,HOLD (RSI=51.30),rsi,51.29580274589775
STE,263.57000732421875,263.57000732421875,SELL (RSI=74.81 > 70.0),rsi,74.81341407577854
STLD,154.62130737304688,154.62130737304688,HOLD (RSI=60.48),rsi,60.4774908466587
STT,119.4197006225586,119.4197006225586,HOLD (RSI=62.60),rsi,62.601537095757465
STX,273.0950012207031,273.0950012207031,HOLD (RSI=62.41),rsi,62.41067953883459
STZ,130.3300018310547,130.3300018310547,HOLD (RSI=36.17),rsi,36.16544975520239
SW,35.61000061035156,35.61000061035156,BUY (RSI=27.95 < 30.0),rsi,27.953666293150278
SWK,68.31999969482422,68.31999969482422,HOLD (RSI=50.97),rsi,50.96651591327742
SWKS,68.76000213623047,68.76000213623047,HOLD (RSI=40.68),rsi,40.67907810648618
SYF,74.6500015258789,74.6500015258789,HOLD (RSI=63.87),rsi,63.871499399445504
SYK,373.4200134277344,373.4200134277344,HOLD (RSI=52.20),rsi,52.19960599843082
SYY,75.61000061035156,75.61000061035156,HOLD (RSI=39.12),rsi,39.12160852513372
T,25.8700008392334,25.8700008392334,HOLD (RSI=47.14),rsi,47.1403812252057
TAP,46.91999816894531,46.91999816894531,HOLD (RSI=49.54),rsi,49.544754386178184
TDG,1352.3050537109375,1352.3050537109375,HOLD (RSI=65.90),rsi,65.89865263033992
TDY,519.030029296875,519.030029296875,HOLD (RSI=33.53),rsi,33.53244397143109
TECH,61.970001220703125,61.970001220703125,HOLD (RSI=50.89),rsi,50.885597791748566
TEL,240.61000061035156,240.61000061035156,HOLD (RSI=65.31),rsi,65.31144628079183
TER,171.49000549316406,171.49000549316406,HOLD (RSI=65.19),rsi,65.19399386076233
TFC,45.869998931884766,45.869998931884766,SELL (RSI=77.86 > 70.0),rsi,77.85541525875867
TGT,91.66999816894531,91.66999816894531,HOLD (RSI=55.26),rsi,55.2622920779911
TJX,147.13499450683594,147.13499450683594,HOLD (RSI=61.08),rsi,61.077546734932525
TKO,183.97999572753906,183.97999572753906,HOLD (RSI=42.60),rsi,42.604657488314075
TMO,594.5800170898438,594.5800170898438,SELL (RSI=78.88 > 70.0),rsi,78.8826297666503
TMUS,216.375,216.375,HOLD (RSI=41.89),rsi,41.888734729839065
TPL,1022.6649780273438,1022.6649780273438,HOLD (RSI=64.89),rsi,64.89273203019427
TPR,100.6050033569336,100.6050033569336,HOLD (RSI=31.52),rsi,31.5165654911343
TRGP,170.41000366210938,170.41000366210938,SELL (RSI=75.02 > 70.0),rsi,75.02492059368423
TRMB,80.04000091552734,80.04000091552734,HOLD (RSI=55.52),rsi,55.5216255546358
TROW,104.54540252685547,104.54540252685547,HOLD (RSI=54.98),rsi,54.98194060829915
TRV,289.63739013671875,289.63739013671875,SELL (RSI=82.36 > 70.0),rsi,82.36002370058449
TSCO,56.09000015258789,56.09000015258789,HOLD (RSI=54.04),rsi,54.03996850139
TSLA,406.2799987792969,406.2799987792969,HOLD (RSI=45.66),rsi,45.662330078761755
TSN,54.970001220703125,54.970001220703125,HOLD (RSI=60.83),rsi,60.832698285621184
TT,419.40948486328125,419.40948486328125,HOLD (RSI=51.68),rsi,51.678105683542285
TTD,42.95000076293945,42.95000076293945,HOLD (RSI=35.89),rsi,35.891184298869135
TTWO,239.83999633789062,239.83999633789062,HOLD (RSI=33.38),rsi,33.38472771091395
TXN,163.5850067138672,163.5850067138672,HOLD (RSI=38.73),rsi,38.72924507563677
TXT,82.6500015258789,82.6500015258789,HOLD (RSI=53.46),rsi,53.457816704479505
TYL,468.989990234375,468.989990234375,HOLD (RSI=37.93),rsi,37.92830843957609
UAL,98.42500305175781,98.42500305175781,HOLD (RSI=50.26),rsi,50.256075580621996
UBER,93.19999694824219,93.19999694824219,HOLD (RSI=51.39),rsi,51.39230255653549
UDR,34.650001525878906,34.650001525878906,HOLD (RSI=40.79),rsi,40.7894758856772
UHS,228.6699981689453,228.6699981689453,HOLD (RSI=69.79),rsi,69.78778584592993
ULTA,540.9550170898438,540.9550170898438,HOLD (RSI=51.48),rsi,51.4782552609669
UNH,333.94000244140625,333.94000244140625,HOLD (RSI=38.08),rsi,38.07574291965367
UNP,222.47999572753906,222.47999572753906,HOLD (RSI=47.97),rsi,47.965574194575446
UPS,96.4800033569336,96.4800033569336,HOLD (RSI=67.84),rsi,67.84069280333063
URI,851.364990234375,851.364990234375,BUY (RSI=20.32 < 30.0),rsi,20.318284489410786
USB,47.755001068115234,47.755001068115234,HOLD (RSI=65.05),rsi,65.04647719495335
V,337.9200134277344,337.9200134277344,HOLD (RSI=53.25),rsi,53.25091198332373
VICI,30.7549991607666,30.7549991607666,HOLD (RSI=50.25),rsi,50.254838470090355
VLO,178.22000122070312,178.22000122070312,HOLD (RSI=69.64),rsi,69.64187598628055
VLTO,98.33000183105469,98.33000183105469,HOLD (RSI=38.45),rsi,38.451606996597775
VMC,289.1962890625,289.1962890625,HOLD (RSI=43.00),rsi,42.996421046290685
VRSK,217.77000427246094,217.77000427246094,HOLD (RSI=42.68),rsi,42.67739841846271
VRSN,253.42559814453125,253.42559814453125,HOLD (RSI=46.01),rsi,46.00905320624501
VRTX,440.0799865722656,440.0799865722656,HOLD (RSI=68.00),rsi,67.99725087062163
VST,172.2899932861328,172.2899932861328,HOLD (RSI=33.64),rsi,33.64236895993038
VTR,77.25,77.25,SELL (RSI=73.82 > 70.0),rsi,73.8242200888899
VTRS,11.13029956817627,11.13029956817627,HOLD (RSI=65.75),rsi,65.75237923045182
VZ,41.436500549316406,41.436500549316406,HOLD (RSI=55.62),rsi,55.620529138128965
WAB,208.02999877929688,208.02999877929688,HOLD (RSI=67.76),rsi,67.76324746356651
WAT,389.0212097167969,389.0212097167969,SELL (RSI=77.44 > 70.0),rsi,77.44022362575964
WBD,22.174999237060547,22.174999237060547,SELL (RSI=76.41 > 70.0),rsi,76.41059526396617
WDAY,225.53500366210938,225.53500366210938,HOLD (RSI=48.37),rsi,48.36538972552771
WDC,160.9949951171875,160.9949951171875,HOLD (RSI=67.28),rsi,67.28428174219515
WEC,111.86949920654297,111.86949920654297,HOLD (RSI=37.40),rsi,37.39680705551087
WELL,191.9499969482422,191.9499969482422,SELL (RSI=76.82 > 70.0),rsi,76.81706742234283
WFC,85.58499908447266,85.58499908447266,HOLD (RSI=57.44),rsi,57.442073760766945
WM,206.52499389648438,206.52499389648438,HOLD (RSI=42.47),rsi,42.46575482141321
WMB,59.84000015258789,59.84000015258789,HOLD (RSI=41.87),rsi,41.87311555675106
WMT,102.37999725341797,102.37999725341797,HOLD (RSI=36.28),rsi,36.28435595049437
WRB,77.29010009765625,77.29010009765625,HOLD (RSI=63.38),rsi,63.382611734703325
WSM,189.7696990966797,189.7696990966797,HOLD (RSI=52.41),rsi,52.41444545129649
WST,270.7919006347656,270.7919006347656,HOLD (RSI=51.62),rsi,51.618071438041724
WTW,321.01690673828125,321.01690673828125,HOLD (RSI=42.93),rsi,42.92592473511867
WY,22.65999984741211,22.65999984741211,HOLD (RSI=40.39),rsi,40.38834390523841
WYNN,123.33999633789062,123.33999633789062,HOLD (RSI=57.29),rsi,57.291657607269514
XEL,80.88999938964844,80.88999938964844,HOLD (RSI=48.77),rsi,48.76616315066123
XOM,119.0156021118164,119.0156021118164,HOLD (RSI=69.95),rsi,69.94609247674818
XYL,148.84910583496094,148.84910583496094,HOLD (RSI=60.09),rsi,60.087672936897846
XYZ,63.32500076293945,63.32500076293945,HOLD (RSI=33.98),rsi,33.976295592515896
YUM,149.85850524902344,149.85850524902344,HOLD (RSI=59.13),rsi,59.130177853262566
ZBH,90.30500030517578,90.30500030517578,HOLD (RSI=35.26),rsi,35.25534063162132
ZBRA,250.02000427246094,250.02000427246094,HOLD (RSI=33.34),rsi,33.343451066002686
ZTS,121.74810028076172,121.74810028076172,BUY (RSI=23.02 < 30.0),rsi,23.024855945669984
